,id,author,title,num_of_comments,distinguished,over_18,post_flairs,author_flairs,upvotes
0,qjzeju,naiomispamm,(saw someone else do this) - make assumptions on me based on my bitmojiâù_ï¸è,0,,FALSE,Social,,1
1,qjzecx,Kropatturipulimies,In 22 minutes I am on the otherside,0,,FALSE,Other,16,1
2,qjzdv1,National-Art3488,"16 pounds worth of candy, anyone got more?",3,,FALSE,Discussion,13,1
3,qjzdtr,orange__box,My friends WILL NOT STOP FARTING,0,,FALSE,Rant,,1
4,qjzd7i,CheeseLoverMax,Artist depictions of me from my discord server,1,,FALSE,Other,16,3
5,qjzczk,Comic_Book_Reader,Happy Halloween from adorable little Chucky!,1,,FALSE,Other,15,2
6,qjzcn0,SilverSoulDT,Who says men canâ€™t cook?,10,,FALSE,Social,15,3
7,qjzchf,PigeonBroski,If anyone wants to check out my Art YouTube here it is,1,,FALSE,Social,,1
8,qjzc9l,Puzzleheaded_Pack_31,Is NNN for women as well or only men?,13,,FALSE,Discussion,14,0
9,qjzc6e,NoobMaster4twenty,Happy Birthday to everyone having Birthday on the 31st of October,0,,FALSE,Other,,1
10,qjzc0g,promanderdab,Itâ€™s that month of the yea_Ÿ¥œr,2,,FALSE,Other,,0
11,qjzbcn,Lazerblaze1305,My Halloween costume is a brit,7,,FALSE,Other,15,5
12,qjzb77,ianisysto,Guess what I am (Iâ€™ve got multiple names),5,,FALSE,Discussion,,2
13,qjzauo,EverScreaming,I got friendzoned in a bittersweet way,2,,FALSE,Relationship,14,2
14,qjzaeh,Espress0w0,I'm a furry. I'll try and answer your questions,13,,FALSE,Social,,0
15,qjza2j,georgefisherofficial,"Feeling down af, someone cheer me up please or I might cry",9,,FALSE,Other,16,5
16,qjza1w,Doggo_Number1,Oh god oh fuck,4,,FALSE,Art,14,12
17,qjz9ms,Unfair-Benefit-9225,"Always thought everyone here was fat and ugly, lies",4,,FALSE,Meme,17,11
18,qjz9ej,jshsjdhdjdjd,Iâ€™m I the only teen thatâ€™s never had never kissed a girl or had a girlfriend or anything,9,,FALSE,Relationship,,1
19,qjz9cb,Throwaway7383c,I got an A- on my AP computer science project,1,,FALSE,Other,,1
20,qjz947,Frikandelneuker,Low self image go brrrrrrrrr,1,,FALSE,Discussion,16,6
21,qjz921,zerohero01,Sex feels amazing [lost my virginity],4,,TRUE,Discussion,,0
22,qjz8g1,A_Far_Hitman,Dunno why but felt like posting. gonna delete in the morning.,2,,FALSE,Social,16,3
23,qjz8ds,Throwaway7383c,My science prohect partner just didn't turn it in,1,,FALSE,Other,,3
24,qjz89d,DarkTail47,"Fuck text post weekends, all my homie hate text post weekends",5,,FALSE,Discussion,16,1
25,qjz7o4,GonZoldyckFreecss,I just used it one more time before NNN starts,1,,FALSE,Meme,,0
26,qjz7nv,GonZoldyckFreecss,I just used it one more time before NNN starts,0,,FALSE,Meme,,0
27,qjz7ae,I-Like-Strats,i believe in you!,7,,FALSE,Meme,14,4
28,qjz76q,ferluci_,What happened to text post only weekend?,10,,FALSE,Discussion,18,1
29,qjz6y1,lookisdatrtlmastr,Please,4,,FALSE,Meme,15,5
30,qjz6p8,WillyWallyYT,My friend fricking bailed on me,1,,FALSE,Rant,15,4
31,qjz6nk,Duke_Of_Soup,Please help,18,,TRUE,Advice,,1
32,qjz6l4,TinyOtterBee,Iâ€™m not trick or treating anymore _Ÿ˜©,0,,FALSE,Other,15,2
33,qjz615,ferluci_,I'll give you guys one tip: don't get a crush on someone that lives in a different country.,12,,FALSE,Discussion,18,3
34,qjz5sx,CumsOnYourFeet69,That moment when ur hanging out w ur friend and ur mom asks you 200 questions about the person and where your hanging and how many people will be there and if your going to drink or not .....,6,,FALSE,Other,,2
35,qjz5lg,defaultredditor15,I just got permanently banned from r/whitepeopletwitter,9,,FALSE,Other,16,6
36,qjz5il,Biznezz_101,When your ugly and you know it clap your hands :(,7,,FALSE,Meme,15,2
37,qjz5ar,drichm2599,My Halloween costume from last night. Pro tip: don't let your friend pick a costume for you,3,,FALSE,Social,18,4
38,qjz4sw,Easy-Client-3370,oscar_fairless go follow on ticktock help me get to 1k,2,,FALSE,Social,,0
39,qjz4bg,switchplayerclassic,Vampire suck discord meme,2,,FALSE,Meme,,0
40,qjz48j,thebestyoueverhad_,Haha ur my friend now _Ÿ”«,9,,FALSE,Other,17,2
41,qjz41m,NEO_PoweredYT,I have to get through 1 week of school before I can feel happiness and excitement once more,1,,FALSE,Other,14,2
42,qjz3vq,lloydcallaghan1,what (alcoholic) drinks do americans drink at high school parties?,9,,FALSE,Discussion,16,3
43,qjz3si,kidz_bop_kidz,May luck be with you.,2,,FALSE,Meme,,4
44,qjz3sg,alisisok2,Y'all boys are so lucky,5,,FALSE,Other,,3
45,qjz3s2,LEGOMagicYT,Any Leafs fans out there?,0,,FALSE,Social,14,2
46,qjz3fw,IIhazed,"if you dont listen to kanye, kendrick, french montana, or uzi who tf you listen to _Ÿ’€_Ÿ’€",13,,FALSE,Other,14,0
47,qjz37d,Jeremy246791,Anyone remember riding these when they were little?,6,,FALSE,Media,,6
48,qjz2ys,No-Cherry-1728,"New month, old me.",7,,FALSE,Social,14,3
49,qjz2xd,TheGaming_101,Happy Halloween,1,,FALSE,Social,,1
50,qjz2i0,Thy_leader,I like seals.,12,,FALSE,Social,15,3
51,qjz2eo,ilikebees30,How many squid game costumes have you guys seen today so far?,7,,FALSE,Discussion,,2
52,qjz2bp,ImKodyAndImSad,"If you could permanently transform into what your Halloween costume is, would you?",4,,FALSE,Discussion,,3
53,qjz1um,sense1ess_Apprentice,Un masked plauge doctor described restroom,0,,FALSE,Other,,5
54,qjz0w6,Youreternalvengance,My face is covered but you can still see how fine with everyoneâ€™s shit I am,16,,FALSE,Other,18,9
55,qjz0n0,GRIMLOX367,I made thisâ€_ cause why not?,1,,FALSE,Art,,4
56,qjz01i,HoppityFrogs,"Here I am, my favourite holiday, alone",4,,FALSE,Rant,16,3
57,qjyzvf,purple_turtle2305,Rating my classes based on the âœ¨ decor âœ¨,0,,FALSE,Other,,4
58,qjyziq,Myst_Icy,Anyone wanna play phasmaphobia?,3,,FALSE,Social,19,2
59,qjyyvn,passthechez,what yâ€™all think of my cut?,9,,FALSE,Media,,8
60,qjyzdm,banna-eater-returns,Chad Lolipop cricket,1,,FALSE,Meme,13,5
61,qjyzbj,thescpsrreal,2021 halloween setup,3,,FALSE,Other,15,7
62,qjyz5s,thebananaperson1,"someone else did this, but make assumptions about me based on my bitmoji",9,,FALSE,Other,15,5
63,qjyyyp,Kyro_Sol,"Ok people, quick reminder. It's November now. No-Fap November. Start your stopwatches and let's see how long we can last. I give it a solid week for y'all.",4,,FALSE,Social,18,2
64,qjyypl,OptimisticNihilist_1,âœ§DAILY REMINDER DRINK WATERâœ§,1,,FALSE,Advice,15,3
65,qjyykr,DegtheDeg,Yâ€™all I saved up to buy 9 chocolate bars to give out to kids,3,,FALSE,Other,19,15
66,qjyy9y,_silent_eyes,I am so close t a burnout and I canÂ´t do anything about it (TW kinda depressing),3,,FALSE,Serious,17,2
67,qjyy8n,Linkonue,Letâ€™s normalize French in bed,8,,TRUE,Meme,17,5
68,qjyy71,azzaxzai,"Whispers* hey youuuu,",9,,FALSE,Other,16,2
69,qjyy15,AfterAd1557,No but November!!! Are you up for the challenge,7,,FALSE,Social,,12
70,qjyxxx,SilentClebman6,Squid Game Pumpkin,0,,FALSE,Art,15,7
71,qjyx95,SomeRandomPerson-06,"Does this style ""fit"" me or do I look like shit?",16,,FALSE,Other,15,6
72,qjyx7m,IKEA564,Happy Halloween,2,,FALSE,Other,,7
73,qjywha,mrpizzapi,Which Halloween costume do you think I should go with?,22,,FALSE,Other,,8
74,qjywam,Giamm2,If you could create a Homunculus. what would you do with it?,8,,FALSE,Social,16,2
75,qjyw8q,nobodyimportant1377,last night i literally finished an assessment at 11:53 pm with 7 minutes from the deadline,1,,FALSE,Rant,13,4
76,qjyvr2,Trident_0711,I'm not crazy,2,,FALSE,Other,19,5
77,qjyw43,Fathorseenjoyer,Make assumptions about me,24,,FALSE,Meme,,4
78,qjyvxg,confusedscreams420,Halloween costume selfie!,6,,FALSE,Social,14,3
79,qjyvnv,chilll_vibe,I'm I the only one who has trouble writing personal essays for college,1,,FALSE,Discussion,17,3
80,qjyvj7,CathBat,48 minutes till NNN and I am ready boys and gals _Ÿ’ª,14,,FALSE,Discussion,17,9
81,qjyvgm,popcornwall69,Yay great im sick,0,,FALSE,Social,,5
82,qjyv2r,YuBRulezok,Somebody add me on PokÃ©mon Go (this is probably a mistake lol),9,,FALSE,Media,14,3
83,qjyv0j,TTereve_,Ask me any question and i will answer cuz im bored,33,,FALSE,Discussion,,1
84,qjyuyv,Hashikeketora,HELP MEI,5,,FALSE,Advice,,0
85,qjyuxo,GumballFan0,I hope you donâ€™t ignore this,3,,FALSE,Meme,13,0
86,qjyuvz,NickRedHoodie,spending the last day of October preparing...,2,,FALSE,Meme,,13
87,qjyuhs,ComfortableScrub,What is a random thing you do?,8,,FALSE,Discussion,14,6
88,qjyucb,hpielevators,When I click on a comment with a link,5,,FALSE,Meme,13,9
89,qjyubp,MaskerPlayz,Oxygen bars,3,,FALSE,Other,19,3
90,qjytu6,Mirabarkk,"Identity theft is not a joke, Jim! Millions of families suffer each year!",7,,FALSE,Meme,15,7
91,qjytcw,Remarkable-Search76,Guys... I'm Dr pepper,5,,FALSE,Other,14,16
92,qjytau,Hot_Photograph5227,Iâ€™m the steampunk jokah bay bee,2,,FALSE,Other,,6
93,qjysrg,BoringStay,Got some new sexy shoes,13,,FALSE,Other,,7
94,qjys5f,franandwood,"Please old men, donâ€™t be here",7,,FALSE,Meme,18,29
95,qjys2k,TheRetardedKing,Happy Halloween you guys,3,,FALSE,Social,,3
96,qjys0d,CarbonCarrots,"I literally had 4 weeks of class to write this, instead my lazy ass just spent 14 hours of my sunday speedwriting this study on integration",0,,FALSE,Rant,17,6
97,qjyrys,JamesHardenFuckMe,"If you aint in cali, florida, idaho, or new york then where tf you at _Ÿ˜__Ÿ˜_",45,,FALSE,Other,17,0
98,qjyry9,keklenny06,"Homophobes, tell us your arguments against gay people",16,,FALSE,Social,18,0
99,qjyrhz,ilovefroggieess,I'm telling everyone it was u,10,,FALSE,Meme,16,6
100,qjyqt0,kitkat402,my new switch stuff,3,,FALSE,Social,,7
101,qjyqkw,MelonHarvester,GUYS GUYS,18,,FALSE,Other,16,9
102,qjyqal,dryo_overlord,"Halloween is upon us men! I hope no one thinks I'm a McDonald's employee as I've been called that 3 times now, just hope the neighborhood is cultured enough to even know what tf2 is. Stay safe if your trick or treating tonight!",10,,FALSE,Social,16,9
103,qjyq8e,Primary-Charge,Spent halloween as big monke,3,,FALSE,Media,,9
104,qjyq78,maysoruu0702,Anyone wanna join a discord server?,1,,FALSE,Social,15,1
105,qjypzv,introvert_wolf,Fuck everything,10,,FALSE,Rant,,3
106,qjypz2,DragionTech,I redrew my shitty first digital drawing from 2019 as a ghost or something,8,,FALSE,Art,17,8
107,qjypso,fineric5,so about this no nut november,11,,FALSE,Advice,,5
108,qjypq4,a_stupid_14_year_old,"What if..._Ÿ‘‰_Ÿ‘ˆ we kissed on the garfield couch? Ofc i'm just kidding,unless?? _Ÿ˜_",8,,FALSE,Meme,16,9
109,qjyp6t,swoomiee,Am I the only one whoâ€™s not allowed to do Halloween?,2,,FALSE,Discussion,,1
110,qjyouc,Feigi_420,"Jealous of my choccy milk in my Marvelâ€™s Avengers Assemble the animated series that premiered on Disney XD yet, little bitch boi?",5,,FALSE,Serious,17,3
111,qjyoju,thenuggetonfloor,I feel like I'll never get into a relationship,12,,FALSE,Relationship,,3
112,qjyoec,Athena_The_Funny,"Imma just drop this before going to bed, original meme by u/Significant-Ad-1655",7,,FALSE,Meme,14,17
113,qjyo0e,artyfrog,do i follow my ex again,9,,FALSE,Advice,17,1
114,qjynto,Flyingfish222,Todayâ€™s the day,3,,FALSE,Other,18,2
115,qjynrv,SlimShadyOfficial_,"New at drawing, what yâ€™all think?",2,,FALSE,Other,,9
116,qjyngd,TheDrDoofenschmirtz,Do I look like Kanye west _Ÿ˜_,23,,FALSE,Discussion,16,7
117,qjymzs,Katsu_Kujo,FUCK YOU DAD (happy halloween im dioâ€™s stupid son),5,,FALSE,Media,14,0
118,qjymxn,EXTRMLY,idk what to write here,0,,FALSE,Meme,13,4
119,qjymv6,AwesomeFartyParty66,Went as Dallas from Payday,4,,FALSE,Art,13,7
120,qjyml6,_doomsayer02_,My outfit for tonight,1,,FALSE,Other,,4
121,qjymgy,Drblackcobra,I feel like such an idiot,7,,FALSE,Serious,16,5
122,qjym9u,JamesHardenFuckMe,Bro fr all ugly people have names that start with a b c d e f g h i j k l n o p q r s t u v w x y z,14,,FALSE,Other,17,5
123,qjym1u,Bigcheesenis,Final wank,4,,FALSE,Serious,13,3
124,qjylcf,biggangbanga,yall like my shoes,6,,FALSE,Other,,4
125,qjylbd,NicXes21,Someone should move with a group of little kids as they approach a house and bang really loud on the door then dip before the owners open it. Maybe have someone else record it. Ok.,0,,FALSE,Social,,0
126,qjyky8,Some-Russian-Guy,"does anyone wants to talk?,i am bored",4,,FALSE,Other,,1
127,qjyktu,stirochrisp,You know that feeling when you're making fun of aspergers and someone starts screaming at you because how could I! I have no idea how it is! And other bullsquid like that,3,,FALSE,Meme,19,0
128,qjykkm,DokiMin,bruh my friend aint taking Minecraft account migration seriously KEK,5,,FALSE,Other,17,0
129,qjykhq,Human_Actuator_2285,Anyone Here An Alice Cooper Fan?,2,,FALSE,Other,,1
130,qjykbz,BigVicho1,Just bought a backpack for ma boy thor and is the best thing ever,8,,FALSE,Other,,16
131,qjyj6b,Frikandelneuker,Some people and I decided â€œfuck itâ€ù and went trick or treating we got a good amount of candy + 20 bucks,3,,FALSE,Rant,16,9
132,qjyj24,Jiriez,What does it mean when a 12 year old girl tells me that I'm pretty?,22,,FALSE,Social,18,3
133,qjyise,Anonimatul1997,The truth,4,,FALSE,Meme,,13
134,qjyifq,XCV_DRYMMO,Pro gamer handbook at McDonalds,4,,FALSE,Social,15,11
135,qjygpd,aahelpaa,Saw a local band and they asked if anyone knew how to play guitar. I had practiced for this exact moment all my life.,2,,FALSE,Media,,13
136,qjyi75,questionoftheanswer,"Well, just 10 minutes before it starts in here, you are really lucky.",2,,FALSE,Other,,3
137,qjyhs6,CJ-does-stuff,"just lost 10,000 karma",13,,FALSE,Meme,,1
138,qjyhf3,StrawnTyler1014,Hereâ€™s my Halloween costume!,5,,FALSE,Social,,9
139,qjyhdq,PyxlwasTaken,Man I love being harassed by a 10 year old to hang myself,12,,FALSE,Serious,13,7
140,qjyhde,RustyR4m,Whatâ€™s your favorite copy pasta?,3,,FALSE,Discussion,18,1
141,qjygwe,FireBirbofD00M,"""Top Number of Reasons He is Sorry"" (An Incomplete Account from my friend)",0,,FALSE,Other,,2
142,qjygqn,yakisawesome,My friend is down bad,4,,FALSE,Advice,,3
143,qjygn5,69-dollar-bank-note,"And remember, the emperor protects brothers",10,,FALSE,Meme,,1
144,qjygm9,ENA_989,Weird ass cheeky pumpkin I made lamo,1,,FALSE,Meme,,6
145,qjygfr,Tastypaste96,"Okay, so a bunch of assholes at my high school peer pressured me to get Clash Royale.",4,,FALSE,Social,,0
146,qjygeq,Horny_Gay_Puff,me and my kid :),12,,FALSE,Social,15,3
147,qjyg68,JamesHardenFuckMe,Focus on yourself bro your crush is gonna dress up as a slutty cop playing drinking games with 5 other dudes before getting her back blown out multiple times tonight,4,,FALSE,Other,17,2
148,qjyfu4,Heartlessqueencard,Make an assumption about me from this pic :3,17,,FALSE,Social,,3
149,qjyfkf,peacetime_24,I did something cool today,13,,FALSE,Media,,4
150,qjyfif,severalalpaca,really bummed out because i got banned from one of my favorite subs,0,,FALSE,Social,,2
151,qjyfg3,WeaselBeagle,Thereâ€™s probably a free award for you under the sales icon for Reddit coins,6,,FALSE,Media,,1
152,qjyf2v,Tastypaste96,THE OFFICIAL MARVEL TIKTOK PAGE JUST POSTED THIS HALLOWEEN VIDEO I FUCJING CANT,0,,FALSE,Meme,,1
153,qjyexd,Flipfl00p,Imagine not having chicken nuggies for lunh,0,,FALSE,Social,15,2
154,qjyevc,NergoN123,Me and guys at Halloween,2,,FALSE,Media,17,6
155,qjyejo,reeekid6969,i bought myself a new sled,5,,FALSE,Other,13,7
156,qjyeh6,definitely-not-kyra,A very intellectual conversation,2,,FALSE,Other,13,9
157,qjyegx,Tankyboiiii,felt quite drippy this halloween,5,,FALSE,Media,14,6
158,qjyef7,NicXes21,When someone comes to your door pretend they're so scary you freak and slam the door shut.,1,,FALSE,Social,,5
159,qjye6r,ScanLot,"How the fuck do my parents have the best fucking timing in the world, like no actually how. I try to install an game 0.5 seconds before itâ€™s actually installed my parents tell me to stop. I am making food but then something falls on the floor, i just finish cleaning it up my parents tell me to sleep",2,,FALSE,Rant,,4
160,qjye5e,CubeLogs,Anyone just wants to have a random chat?,11,,FALSE,Social,16,2
161,qjydrs,Heartlessqueencard,Is my skirt nice?,16,,FALSE,Discussion,,6
162,qjydq9,themightysovietbird,Rick roll reached 1B views and I found this gem,2,,FALSE,Media,,15
163,qjydgg,odd_personOwO,my school had a costume party,3,,FALSE,Other,,1
164,qjyd66,Noble611,My very cobbled together scp costume.,4,,FALSE,Meme,17,7
165,qjyd0h,Mother-Spare-6231,I want to see if you can figure out what my name is. Canâ€™t add any flair other than meme for some reason.,1,,FALSE,Meme,14,1
166,qjycw9,painismypinacolada,"maybe a scam or ped idk, either way stay safe out there boys",9,,FALSE,Other,15,3
167,qjyclo,SalmonEater777,"I have a really tactile friend, is there i way i can tell her to stop",4,,FALSE,Relationship,,3
168,qjyckx,janathewhore,im no longer home alone _Ÿ˜_,3,,FALSE,Rant,15,1
169,qjycjj,Anonymous30062003,Got the Watch Dogs Dedsec outfit :),3,,FALSE,Social,18,10
170,qjyc9v,125RAILGUN,That's a massive red flag leave that relationship immediately,6,,FALSE,Meme,15,8
171,qjyc20,largeppbrian,"My class had to do a review on the movie ""Rocks"", and one of my friends litterally just posted a pic of Dwayne ""The Rock"" Johnson",2,,FALSE,Meme,,4
172,qjybos,SomeHumanoof,I will when I wake up,3,,FALSE,Meme,15,4
173,qjybly,UngusBungus_,Iâ€™m gonna spend Halloween the chad way. Care to join?,17,,FALSE,Other,14,5
174,qjybab,Killspree008,"Most likely nobody gives a damn, but I took 2nd place at a chess competition!",17,,FALSE,Discussion,,4
175,qjyb30,Rebel-BoyCsa,"Dear girls, do you like boys with clean shaven/waxed/laser epilated legs arms and armpits?",4,,FALSE,Discussion,,0
176,qjyaye,Satasssimone,I don't understand why my family has to be so mean,4,,FALSE,Rant,19,2
177,qjyaqe,Ductape_the_Short,Happy Halloween y'all. Time to steal candy from nonbelievers,0,,FALSE,Other,17,7
178,qjyacz,heroblade123,Real Suppleroot Hours #1163,0,,FALSE,Other,18,1
179,qjy9ve,IReallyHateMyDad,my creepy grandad came into my house uninvited and handed me this??,8,,FALSE,Other,,7
180,qjy9sh,Heartlessqueencard,My dog is dying,7,,FALSE,Serious,,7
181,qjy9qm,Sysody,I need a life,4,,FALSE,Discussion,18,2
182,qjy9g9,SCYOYO,i want to see how long it takes for u guys to guess who iâ€™m going as for halloween,22,,FALSE,Social,,2
183,qjy904,-homonecrosexual-,I should've hanged myself today,4,,FALSE,Other,18,3
184,qjy8ww,soggymoldster,not bad not bad,8,,FALSE,Other,16,2
185,qjy8wh,Elparaiso14,Made a cake,1,,FALSE,Social,18,2
186,qjy7v4,CMusic_and_Games_YT,To anyone who plays smash bros ultimate... I created a monster spirit...,7,,FALSE,Other,,10
187,qjy8ac,ThreeNumbers357,Colts lost Iâ€™m sad,2,,FALSE,Rant,,3
188,qjy826,TuneAway,Wtf are my dms bro,10,,TRUE,Other,17,3
189,qjy7cf,myaccountgotdeleted_,Now we wait,8,,FALSE,Art,,6
190,qjy6xv,BASILISK74,My english teacher and her nieceâ€™s costumes,7,,FALSE,Other,13,34
191,qjy5za,Tastypaste96,Ask me any question about Slime Rancher! Donâ€™t know what it is? Ask.,10,,FALSE,Discussion,,2
192,qjy5qc,w_paskee,Happy Halloween people,4,,FALSE,Social,,17
193,qjy5lm,TheRobotYoshi,"Hey, hows it hangin...",2,,FALSE,Meme,15,1
194,qjy5ip,Susans_stuff,I was a budget clown for halloween and I think it's not that bad!,30,,FALSE,Social,15,36
195,qjy5fi,mrstupidguy,Ever reflect back on all the things that have happenes in your life and think about where you are now and where you'll be in the future?,3,,FALSE,Discussion,13,4
196,qjy5b5,TuneAway,How do you pronounce cex?,19,,FALSE,Discussion,17,2
197,qjy50c,KyoKari4,not sure what to do.,1,,FALSE,Serious,,1
198,qjy4rd,IronMonkAwesomO,Make an assumption about me,27,,FALSE,Social,,11
199,qjy4ki,NeededPrivacy,Imma give up on nnn lol,7,,FALSE,Discussion,14,1
200,qjy4hz,SparkyLord69,My minecraft pumpkin because thatâ€™s a thing this year,7,,FALSE,Social,,7
201,qjy49u,PowerN23,Itâ€™s my birthday _Ÿ¥_,22,,FALSE,Discussion,15,7
202,qjy3f5,Finnypanda321,What are you dressing up as?,11,,FALSE,Discussion,13,3
203,qjy34c,FartingTree134,What do mussels taste like?,1,,FALSE,Other,16,2
204,qjy2wy,NoIllustrator7645,Howâ€™s everyoneâ€™s day going?,12,,FALSE,Social,13,2
205,qjy2pi,altforembarrassment,NNN is coming up so I'm going to cum all over the place tbh,14,,FALSE,Other,,4
206,qjy2le,PowerN23,Iâ€™m so fucking bored,4,,FALSE,Discussion,15,2
207,qjy24u,yeetyafoot,Well this fricking sucks,5,,FALSE,Serious,,4
208,qjy23r,Creative_Dot6385,"New minecraft video, feedback would be helpful!",3,,FALSE,Other,,3
209,qjy20u,ultra_salty,how do you calm yourself down when you're having a panic attack!?,6,,FALSE,Serious,17,2
210,qjy1x4,SC-Johnson,How to Break Up?,9,,FALSE,Relationship,,2
211,qjy1g7,smallanimals123,snail sketches _ŸêŒ,3,,FALSE,Art,,8
212,qjy1f2,almightydorito,Do it Iâ€™m bored,37,,FALSE,Social,15,11
213,qjy1a3,elliots_stuff,I made my first good song and im so happy,1,,FALSE,Media,,5
214,qjy155,Arleener,Hello this is me and my child this Halloween _Ÿêù_Ÿêù,9,,FALSE,Other,,12
215,qjy111,Buschhhhhhhhhhhhhhhh,I lonely,12,,FALSE,Discussion,17,2
216,qjy108,Radiant-Usual-9188,Its my first NNN,17,,TRUE,Other,15,6
217,qjy0uf,Lofly6340,November has begun in Australia. Which means...,4,,FALSE,Other,,3
218,qjy0km,Ma1read,is let's go Pikachu on switch good,10,,FALSE,Discussion,16,2
219,qjy0i6,DesertPenguin05,Who's ready to get spooky,13,,FALSE,Art,16,9
220,qjy0hp,Combomancer,*fake sad title*,8,,FALSE,Rant,14,4
221,qjy0bp,Creative_Dot6385,"New minecraft video, feedback would be helpful!",3,,FALSE,Media,,2
222,qjy03k,TheRealShaggy2Trappy,COMMENT A NUMBER AND ILL REPLY WITH WHATEVER'S ON MY YT PLAYLIST,18,,FALSE,Other,15,2
223,qjy01v,DiamondXsX,I'm bored,7,,FALSE,Other,16,2
224,qjxzq5,Throwaway7383c,I lowkey want to stalk a girl,16,,FALSE,Other,,0
225,qjxzl0,corrupt_king06,i have no idea what HD is but the doctor said i had 80 of them sumbitches.,2,,FALSE,Meme,15,3
226,qjxzaq,LA_SIMP_513,NNN would actually just kill me...,37,,FALSE,Other,13,4
227,qjxyv6,AjaIsHere,Did they already announced the results,1,,FALSE,Other,,3
228,qjxykj,Codrut1001,Profile pictures are better than reddit avatars. Change my mind,14,,FALSE,Social,2 MILLION ATTENDEE,7
229,qjxyhg,Rebel-BoyCsa,My post about teenage girls not wearing crop tops was satire!,2,,FALSE,Rant,,2
230,qjxyg2,Jazzfaye,I love English but really dislike my English teacher,3,,FALSE,Rant,17,6
231,qjxy9e,CreepyReputation608,It's 2pm and I have slept yet can't sleep,0,,FALSE,Other,,4
232,qjxxzc,Big_Bird5973,Happy Halloween _Ÿ_ƒ,4,,FALSE,Art,,4
233,qjxxw1,-yes-yes-yes-yes-,Hey guys uhhhh soo umm..,11,,FALSE,Other,14,2
234,qjxxh2,hemel010,Good luck with nnn,8,,TRUE,Other,,10
235,qjxx32,Mr_Wedgie,Prepare yourselves,8,,FALSE,Other,15,16
236,qjxws6,NicXes21,Another green day. Scary Halloween everyone. Hi.,1,,FALSE,Media,,5
237,qjxwe9,TSCJ2008,Anyone else had/having a sad lonely Halloween?,11,,FALSE,Rant,13,7
238,qjxwbu,_vasiliss,I need some help/advise,2,,FALSE,Advice,,2
239,qjxwb5,Plamja_Zvezda,Alien boy is going out tonight,0,,FALSE,Other,,5
240,qjxw1y,lilbratz1,What's the most embarrassing thing to have to u at school?,8,,FALSE,Discussion,15,1
241,qjxvyq,r3lsta,"My friends, fellow boys, I have a P.A.: NNN is tomorrow.",8,,FALSE,Meme,,2
242,qjxvfo,reimi_3,Murder can sometimes be justified but rape never can,19,,FALSE,Social,17,3
243,qjxvcm,IReallyHateMyDad,my pedo grandad just came over uninvited,17,,FALSE,Rant,,3
244,qjxv7q,TSMdarksucc,"GIRLS, what are your opinions on guys who wear necklaces? I was having a discussion with a friend",14,,FALSE,Discussion,16,3
245,qjxv59,D-Ru5h,Best birthday cake eveeer,3,,FALSE,Other,,9
246,qjxuc1,REMINTON86,Has this girl a crush on me?,6,,FALSE,Relationship,15,5
247,qjxubd,Tastypaste96,RECIEVE COMPLIMENT: TAP HERE,15,,FALSE,Advice,,7
248,qjxu83,Just_ScrollingTho,Just had a nut on first day of NNN,3,,FALSE,Other,19,3
249,qjxu42,Alvin_Whee,Be quiet and look at my dog,0,,FALSE,Other,16,9
250,qjxtyv,pizzaspider,Happy Halloween,17,,FALSE,Media,17,11
251,qjxtwh,haha-what-a-disaster,im gonna punt my little brother into the fucking sun,5,,FALSE,Rant,16,2
252,qjxtwf,QueenGlass,"redditor by day, detective by night. Happy Halloween :)",5,,FALSE,Other,16,13
253,qjxtrn,Combomancer,r/teenagers sure got some weird people,6,,FALSE,Other,14,12
254,qjxtqq,I_RequireSustenance,I'm bored so give me interesting facts,14,,FALSE,Discussion,16,2
255,qjxtfb,Hornyalt_PMme,I drink orange juice after brushing my teeth,7,,FALSE,Meme,,1
256,qjxtak,Competitive-Driver-4,Happy Halloween!,1,,FALSE,Art,,15
257,qjxsnw,darxx_earth,what's your own way of studying?,14,,FALSE,Advice,,3
258,qjxry0,_C4_ActhaupYT,i want to fuck my science class teacher,10,,FALSE,Serious,14,1
259,qjxrpy,_C4_ActhaupYT,Looking for a submissive discord kitten to do da sex with hmu _Ÿ˜è_Ÿ‘Œ_Ÿ˜”_Ÿ˜©_Ÿ˜¨_Ÿ˜__Ÿ˜ˆ_Ÿ«Å_Ÿ___Ÿ¥__Ÿ_ _Ÿê__Ÿ_êâÅ‰ï¸è_Ÿ_¯_Ÿ¥¸,11,,FALSE,Serious,14,0
260,qjxr47,Alvin_Whee,the worst thing ever is when someone makes fun of your balls,2,,FALSE,Discussion,16,2
261,qjxr3p,Swimming-Log5854,Who is also watching a horror movie alone on halloween?,0,,FALSE,Other,,4
262,qjxqhv,_C4_ActhaupYT,reddit snoo,6,,FALSE,Social,14,2
263,qjxq1e,jec12005,Judge me based on my truck,17,,FALSE,Discussion,,2
264,qjxps4,Y-Mab-Darogan,Looking for a submissive discord kitten to do da sex with hmu _Ÿ˜è_Ÿ‘Œ_Ÿ˜”_Ÿ˜©_Ÿ˜¨_Ÿ˜__Ÿ˜ˆ_Ÿ«Å_Ÿ___Ÿ¥__Ÿ_ _Ÿê__Ÿ_êâÅ‰ï¸è_Ÿ_¯_Ÿ¥¸,11,,FALSE,Serious,,0
265,qjxpm3,_C4_ActhaupYT,i want to work at femboy hooters,5,,FALSE,Serious,14,2
266,qjxpjy,TheDabCrab,I will do (mostly) anything for a chicken sandwich right now.,1,,FALSE,Meme,17,1
267,qjxp7k,yostupidfuckingbitch,Guys I have an announcement to make,8,,TRUE,Meme,,4
268,qjxowt,IgnoreThisGreenshirt,A quick sketch of a character from some cartoon. Those who know will know,4,,FALSE,Art,13,3
269,qjxopg,joopto,my halloween costume is tactical femboy,14,,FALSE,Media,15,34
270,qjxooo,InsomniusEyes,Anyone else alone for Halloween?,9,,FALSE,Discussion,17,8
271,qjxoga,smallanimals123,Some of you guys are too much _Ÿ˜_,12,,FALSE,Other,,24
272,qjxofu,alisisok2,You're so smart A stand-up bro I'll think about your offer Let you know,0,,FALSE,Other,,2
273,qjxo41,titomax2,I am coming out here since I can't tell anyone irl,18,,FALSE,Other,,3
274,qjxnvw,ty2cool476,do you guys ever feel like people are nice to you because they pity you,2,,FALSE,Other,17,2
275,qjxn9s,HamSolo273,Have you never had a creepy dm before?,42,,FALSE,Meme,19,2
276,qjxn4m,RaiJolt2,Iâ€™m into gundam now,4,,FALSE,Media,,4
277,qjxn4e,Mihicular,Itâ€™s fucking Halloween,4,,FALSE,Rant,16,2
278,qjxmxi,Savage_Aly87,Way too relatable. I've done it so many times before,8,,FALSE,Meme,,71
279,qjxmuh,CharlieFlufboi,Everyone looks good in a dress,36,,FALSE,Discussion,17,15
280,qjxmon,Drechenaux22,About to ask out my crush. Wish me luck fellas,13,,FALSE,Relationship,14,8
281,qjxlsr,Im__Green,Possibly going through a breakup and wanting someone to talk to (18M),7,,FALSE,Serious,,3
282,qjxls7,Samuraisol,I hate life,8,,FALSE,Relationship,,3
283,qjxlda,Gadaffy_Junk,"DM me ppl, I just want to talk :-)",3,,FALSE,Social,17,3
284,qjxl8f,tacticalfemboi,Female help,7,,FALSE,Relationship,,3
285,qjxl79,yeetmello,How tf have y'all day beem,5,,FALSE,Social,2 MILLION ATTENDEE,1
286,qjxk44,odd_personOwO,the person above me is sad,2,,FALSE,Meme,,2
287,qjxjz5,Unknownghost17,The duality of recreation,0,,FALSE,Meme,18,20
288,qjxjxp,Moo2310,"Here to share the highlights of my trick or treating because unlike what my brother said, teens aren't too old to go.",0,,FALSE,Other,13,4
289,qjxj0u,Bosse_blackfrisk1,Just confessed to my crush today!,4,,FALSE,Social,,6
290,qjxitr,Crazybatfan_03,It cut me off... It's supposed to say Coat rack,0,,FALSE,Meme,18,7
291,qjxi9r,silent_void_,"I barely got any discord users kn didcord to talk to, anyone willing to add me?",2,,FALSE,Social,16,1
292,qjxhzn,Peekeuaboo,Who wants to chat.,3,,FALSE,Social,16,3
293,qjxhvv,Castilla_Leon,Halloween pc :D!,3,,FALSE,Other,15,7
294,qjxhkn,AFOLitmeansImbroke,Rip Roblox Servers :/ At least I got this video recorded before they shut down :),0,,FALSE,Other,,2
295,qjxhf5,NicXes21,Here's what the truly genius ancients learned.,0,,FALSE,Social,,2
296,qjxh2r,labinnacotua,Please stop with the posts saying things like *hugs you*,10,,FALSE,Other,13,5
297,qjxg5w,Darmug,"Here, have a terrible meme I made.",7,,FALSE,Meme,,12
298,qjxfmd,ilovefroggieess,What if?_Ÿ˜__Ÿ‘‰_Ÿ‘ˆ,21,,FALSE,Relationship,16,29
299,qjxfiw,astupidrussian,Why has genshin impact become the new fortnite,11,,FALSE,Rant,17,3
300,qjxf1n,Elkku07,As a man I have no problem with seeing women's nipples ;),27,,FALSE,Social,,8
301,qjxeyk,ThiccPixarMoms,Just a reminder,3,,FALSE,Advice,15,5
302,qjxesp,Pimp_slap_mario,Make assumptions about me based on my bitmoji,13,,FALSE,Discussion,17,4
303,qjxea9,unrestrained_clown,"Iâ€™m ready for Halloween, bitch!",3,,FALSE,Other,,14
304,qjxdxi,Ironcole09,Hi,13,,FALSE,Discussion,,2
305,qjxdsw,banna-eater-returns,Repost of my extremely swag hallow costume cause it got took down,2,,FALSE,Other,13,3
306,qjxdsd,PlsDontBotherMeHere,Please give me cute things to say to my Girlfriend,22,,FALSE,Relationship,15,5
307,qjxdq4,Lukraniom,This is certainly not tinker bell. This is leave it alone bell,1,,FALSE,Social,18,10
308,qjxdpt,crucifix1711,Happy Halloween! I am a Hunter from Destiny.,7,,FALSE,Other,18,10
309,qjxd2w,LeFish3,"After what felt like forever, I'm back",5,,FALSE,Other,13,1
310,qjxd0b,some_kid_who_draws,what's some coupley stuff to do?,11,,FALSE,Relationship,14,3
311,qjxcfi,rsplatoonguy,Hmmmm,2,,FALSE,Media,16,10
312,qjxb40,BQjesuEM,Yes! Got one on the front page!,4,,FALSE,Social,15,1
313,qjxaqs,coolthatsniceman,Finally got the courage to post my face:),49,,FALSE,Social,14,211
314,qjxakh,megamindscumdumpster,Reasons I am gay,15,,FALSE,Other,16,6
315,qjxa26,jerocardo,I just wanna talk,10,,FALSE,Social,15,5
316,qjx9yf,Ok-dino1234,Any fellow racists here?,12,,FALSE,Other,13,11
317,qjx9yd,Zuzu_Potato,"to u/No-End7585 's post, this other one is even worse",8,,FALSE,Meme,,24
318,qjx9xu,_bmt_,massive freakin senioritis,2,,FALSE,Rant,17,5
319,qjx9ge,Psychedelic_Universe,In a Spanish Textbook_Ÿ—¿,10,,FALSE,Meme,,8
320,qjx95m,Dashlol-,My opinion on (sexual activity),29,,FALSE,Serious,,4
321,qjx90s,invigibleman,Rap? More like CRAP AHAHAHHAHA,27,,FALSE,Meme,18,34
322,qjx902,daakkountant,Wise words from Dan Bilzerian,3,,FALSE,Advice,,2
323,qjx8tp,Puzzleheaded_Low_385,Spending Halloween right,4,,FALSE,Serious,,8
324,qjx8ne,CeeTheSouljah,"Well im stepping out my comfort zone and going to a Halloween party with a friend of mine. I don't know much of his friends since he's in college, but I'm trying to be more open. Any advice",0,,FALSE,Advice,,2
325,qjx8mr,the-horny_weeb,a rabbit,4,,FALSE,Other,16,7
326,qjx8mh,finley-hill,"My father, everyone",1,,FALSE,Other,15,8
327,qjx8ku,drichm2599,My friend got to pick my costume last night so here I am in all my glory. Only got a few weird looks when out.,6,,FALSE,Social,18,7
328,qjx8k8,Kendrick-holland,Fourth of July comes to mind,1,,FALSE,Meme,17,2
329,qjx82c,scarydechahedron,I am bush,4,,FALSE,Meme,,11
330,qjx7qg,Pimp_slap_mario,Maybe nowâ€™s the time to shoot your shot!,6,,FALSE,Discussion,17,7
331,qjx6j2,XspeedyreadzX,This is the kind of stupid stuff I do with my friends,2,,FALSE,Meme,15,4
332,qjx7d6,lDoNotLikeBacon,My friends and I just started singing Hakuna Matata in boys locker room,3,,FALSE,Other,2 MILLION ATTENDEE,1
333,qjx6z8,autecre,donâ€™t come to church tomorrow;-),13,,FALSE,Social,,6
334,qjx6u8,communistdoggo-,i forgor _Ÿ’€,3,,FALSE,Other,,2
335,qjx6q4,Peekeuaboo,Why am I always just a good friend,4,,FALSE,Rant,16,1
336,qjx5y2,HamSolo273,"If someone sends you a creepy message respond with ""my mom/dad checks my phone""",26,,FALSE,Advice,19,3
337,qjx5w3,maya_loves_cows,is is weird that i still have pictures of my ex gf on my phone?,3,,FALSE,Discussion,15,1
338,qjx5vo,ALittlePatate,Why would you do NNN ?,28,,FALSE,Serious,16,4
339,qjx5qg,mab2002,if i donâ€™t have a halloween costumeâ€_,3,,FALSE,Advice,18,1
340,qjx5hu,SpeedBoy24,My Dwight Schrute costume is all together!!!,4,,FALSE,Other,,3
341,qjx55i,Suayan_like_sure,How the fuck do handle compliments online,14,,FALSE,Discussion,15,2
342,qjx50u,dmc1155,Guys we got â€˜em,11,,FALSE,Meme,18,10
343,qjx3lh,Frikandelneuker,"Went to a halloween party, half of us got shitfaced and now weâ€™re going to go terrorize the neighborhood by trick or treating with 30+ people",5,,FALSE,Discussion,16,0
344,qjx3hu,artyfrog,my mum just called me whilst iâ€™m drunk,47,,FALSE,Other,17,0
345,qjx2s6,NOPE9898YT,Anyone else feel like it's November 16th 2004,9,,FALSE,Discussion,,0
346,qjx2pp,purple_turtle2305,I tried a pumpkin spice frapuchino for the first time,0,,FALSE,Other,,2
347,qjx29x,Exodio17375,Can i get help for nnn please im scared i wont have the power to stop myself,25,,FALSE,Other,,0
348,qjx29w,Unfair-Benefit-9225,"Iâ€™ve always wanted to be the cunt who gives fudge, fruit and nuts for Halloween",47,,FALSE,Meme,17,165
349,qjx1hh,kaimadesclone,Please check out my new animation 'Nessie' on my YouTube,0,,FALSE,Social,16,0
350,qjx11r,iamallama1234,does anyone know any discord servers or subreddits where I can spread my talent?,4,,FALSE,Social,13,3
351,qjx0a8,BlackMacula2,New glasses. Valid or nah? Oh and thats my cat.,9,,FALSE,Social,18,17
352,qjx05t,SubToNiilo22,This is me in the middel. Make assumption ok.,36,,FALSE,Discussion,17,0
353,qjx05n,Round-Zombie8309,imagine if the condition of dms in boys and girls switched,18,,FALSE,Other,16,4
354,qjx050,Respectful_Chadette,Happy Halloween (my Kitsune costume),4,,FALSE,Social,17,6
355,qjwzzp,TerryJerryMaryHarry,...what?,2,,FALSE,Meme,14,6
356,qjwzzn,lukmly013,This is music I listen to. What do you think?,2,,FALSE,Discussion,15,3
357,qjwyvl,drichm2599,My group this Halloween. I'm the guy wearing the glasses,4,,FALSE,Social,18,5
358,qjwykz,Ok-Chemistry-3373,I want YOU to join No Nut November,7,,FALSE,Meme,,0
359,qjwyfu,gudowa,Turns out my crush wasnt dating a guy,5,,FALSE,Other,16,6
360,qjwy04,rockingart,Things Women Should Avoid Doing After Sex,10,,FALSE,Advice,,0
361,qjwxf7,BoeJiden27,My dogsâ€™ Halloween costumes,8,,FALSE,Other,15,13
362,qjwx64,NiruzzYt,"Flat chested Girls vs Fat Boys, Why are these girls jealous of these boys.",3,,FALSE,Meme,,0
363,qjwwgn,ihaveautismxD,anyone wanna join me n my fren's discord server?,2,,FALSE,Social,15,1
364,qjwwdn,amugus_294,We are at it again bois,8,,FALSE,Meme,,12
365,qjww7s,Tac0caT65,"iâ€™m sad and alone on halloween, talk to me",11,,FALSE,Social,16,2
366,qjww6e,BlackMacula2,Metroid dread is HELLA underrated. Its an awesome game!,2,,FALSE,Other,18,1
367,qjww5d,tomcat3400,yes I bought a Lambo,0,,FALSE,Media,18,1
368,qjwvzq,Ansbernf,get nae nae'd,3,,FALSE,Meme,16,2
369,qjwvwh,Educational-Ant3757,Explain This,3,,FALSE,Discussion,,1
370,qjwvm8,Human-03,"bored af, message or makes assumptions",14,,FALSE,Social,17,2
371,qjwuem,drichm2599,My night out yesterday (sound on),8,,FALSE,Social,18,4
372,qjwuzi,m-9173,well... the fact i was using pc quite a bit too which obviously isnt included here,6,,FALSE,Other,16,2
373,qjwunq,donejustdid,Females listen up,13,,FALSE,Advice,15,4
374,qjwues,Tea_with_biscuits,"ah yes, balls",18,,FALSE,Meme,16,3
375,qjwu8x,noodle814,There my cat :/,11,,FALSE,Serious,,13
376,qjwto8,Affectionate_Shoe_48,I think all guys should have at least one girly song in their playlist,32,,FALSE,Media,17,3
377,qjwt84,popcornwall69,I think we are equal now,4,,FALSE,Social,,4
378,qjwt7z,TSCJ2008,Ugh I really wanna relapse. I hate myself,21,,FALSE,Rant,13,2
379,qjwszj,cheezeypoof2019,Just putting this out there,5,,FALSE,Rant,14,3
380,qjwsxj,Johnkaz34,WE ARE TRYING TO TAKE OVER DISCORD! USE THIS IMAGE AS UR PFP,6,,FALSE,Serious,15,3
381,qjwrtp,Your_friendly_weirdo,"As an asexual, I donâ€™t want dick pics, I want garlic bread pics _Ÿ™„",23,,FALSE,Discussion,15,11
382,qjwrp4,SOSbrigader,I just wanted to show off my union hat that's it,4,,FALSE,Media,16,5
383,qjwr36,Suayan_like_sure,What are these things called( :-\ ),29,,FALSE,Discussion,15,3
384,qjwqyq,Fr1edMayo,"Ok listen,",12,,FALSE,Social,14,1
385,qjwqhu,mikelangeloMC,"tEeNaGeRs oF ReDdIt, what was your scariest, creepiest and most terrifying experience ever?",15,,FALSE,Discussion,,7
386,qjwpql,robgoboomboom,Y'all do realize NNN is just something people made up for clout.,24,,FALSE,Social,17,2
387,qjwoyb,JustmeRigthNow,"I fell for my ex, again",3,,FALSE,Other,14,3
388,qjwoxp,bellamtzzz,happy halloween every1 _Ÿ˜ˆ hereâ€™s me (right) and my friend before a party on friday :p,4,,FALSE,Other,15,10
389,qjwo3v,Sneaky-hobo,"16/m/uk, someone plz play Xbox with me",6,,FALSE,Other,16,1
390,qjwo1p,tooyoungtobeonreddit,Better than cannibalism Â¯\_(ãƒ„)_/Â¯,18,,FALSE,Meme,18,5
391,qjwnwg,Mr0easy,Welp. I'm off to bed goodnight,37,,FALSE,Meme,16,63
392,qjwnue,Cjwhite01,I got rejected _Ÿ˜__Ÿ˜__Ÿ˜__Ÿ˜_,7,,FALSE,Meme,,1
393,qjwnmz,somradomboi,"It seems like a lot of people on here are starting to play tf2, or at least post tf2 related stuff",6,,FALSE,Other,13,1
394,qjwn10,masterofbeingcapture,I had to quickly think of a costume so I give you a PokÃ©mon trainer,5,,FALSE,Discussion,13,5
395,qjwmmv,noodle814,Who wants to see my kitty cat :),13,,FALSE,Meme,,3
396,qjwmf9,facepalmatnoob,Me and my friends at our little Halloween party(Halloween is not recognized as a real holiday | I am the slav squaring),10,,FALSE,Social,,14
397,qjwmah,HapnikBruh,I am positive that I'm retararded. I've complained for 3 months that my pc doesn't have holes for USB on the front. And now while packing school stuff for tomorrow...,6,,FALSE,Rant,17,7
398,qjwm6o,RickSanchez883,Happy Halloween _Ÿ_ƒ _Ÿ‘» _Ÿ_ƒ,2,,FALSE,Social,,5
399,qjwm14,ItsMeBaguette,A cool bird I saw,3,,FALSE,Other,14,13
400,qjwlzg,Addicted-V1,I made a lightsaber out of cardboard and paper,5,,FALSE,Other,,9
401,qjwkpk,EmperorGeckoGaming,causeandeffect.mp4,6,,FALSE,Meme,14,19
402,qjwkur,labinnacotua,I'M SORRY,0,,FALSE,Other,13,0
403,qjwkh6,Retro_Spagghet,I got rejected by one of my closest friends,1,,FALSE,Serious,15,5
404,qjwjne,AreEnTee,Finna say something offensive,6,,FALSE,Social,2 MILLION ATTENDEE,0
405,qjwjk9,Thy_leader,Found snow doggo :D,4,,FALSE,Social,15,4
406,qjwj9a,ihaveautismxD,anyone wanna join me n my fren's discord server?,4,,FALSE,Social,15,1
407,qjwj8x,HalfEatenTaco2,Some things I've noticed that have really changed my outlook on life,0,,FALSE,Discussion,19,3
408,qjwiy4,odd_personOwO,found this picture in no rules no bans,1,,FALSE,Other,,3
409,qjwi6b,Intelligent_Dumbass_,Do you take the pledge?,7,,FALSE,Meme,,7
410,qjwhfa,yescantsleep,Uhm Spotify got me something special,6,,FALSE,Media,18,4
411,qjwhew,sense1ess_Apprentice,HAPPY HALLOWEEN _Ÿ_ƒ_Ÿ_ƒ_Ÿ_ƒ,1,,FALSE,Social,,12
412,qjwgl2,Salamander-Downtown,How are u Christian's enjoying Halloween day?,7,,FALSE,Discussion,,2
413,qjwg9a,_C4_ActhaupYT,here's a video of my family vacation to Russia!,6,,FALSE,Social,14,1
414,qjwfyd,Thy_leader,I found seal :D,8,,FALSE,Social,15,3
415,qjwfmd,spartansaber511,Day 199 of asking hru,4,,FALSE,Social,17,1
416,qjwfl5,hmm_mp3,My sexy toad outfit for Halloween,7,,FALSE,Other,18,9
417,qjwf41,a_stupid_14_year_old,Shit meme i made,2,,FALSE,Meme,16,4
418,qjwerd,Round-Zombie8309,people the journey has started. wish the soldiers some luck,2,,FALSE,Meme,16,3
419,qjweez,ComfortableScrub,Should I sleep or watch youtube,8,,FALSE,Other,14,4
420,qjweat,I_Am_A_Trans_Turtle,"If humans are made of meat, then boxers and fighters are professional meat beaters.",5,,FALSE,Other,,4
421,qjwe7w,barbar2875,Best Halloween costume in a few years,0,,FALSE,Meme,,10
422,qjwdmg,Comfortable_Mix_918,Good luck for no nut contestants,5,,FALSE,Meme,,15
423,qjwdz8,DiegoGames9872,Yall dweebs dressin up as superheros or whatever,2,,FALSE,Meme,13,3
424,qjwdt6,Nightmare__-,Holy fuck,4,,FALSE,Other,,3
425,qjwdqh,Royal_Bonus8765,"I don't want a ""career.""",11,,FALSE,Rant,18,8
426,qjwdgo,Suayan_like_sure,Day 3 of giving any one who needs hugs (ãÅ£.âù› á´— âù›.)ãÅ£,43,,FALSE,Social,15,6
427,qjwdei,SuperShopkins,Any suggestions before I burn my Irish tougn off? Iâ€™ll definitely use milk,17,,FALSE,Advice,18,8
428,qjwd5x,FaviFake,Go on,2284,,FALSE,Meme,15,7653
429,qjwcvl,fauxuniverse,This convo with my dad,11,,FALSE,Media,15,10
430,qjwcnq,LopacixGaming,Why are people scared of chickens?,6,,FALSE,Discussion,15,3
431,qjwci4,banna-eater-returns,My sisters room (shes basic as shit),7,,FALSE,Social,13,9
432,qjwcbx,A_Transgirl_Alt,Union Civil War Songs are so amazing,11,,FALSE,Social,17,1
433,qjwbsl,femboymaxstirner,This one really makes you think,4,,FALSE,Media,17,3
434,qjwbhg,Alt_Acc_Cool,Give me ideas for a new Star Wars character,3,,FALSE,Other,15,3
435,qjwayg,Squb05,Metaverse is the scariest shit I ever saw.,9,,FALSE,Serious,16,5
436,qjwavj,Ra1dspidey,Pumpkin didnâ€™t turn out good so,5,,FALSE,Other,,3
437,qjwav1,Aoh03,Where are my fellow natural gingers at?,4,,FALSE,Discussion,,2
438,qjwaq3,jagebus,"NNN is pointless, but it must happen",7,,FALSE,Serious,,1
439,qjwaj3,Flipfl00p,Got this McLaren flag earlier today and just put in on my wall. Thoughts?,12,,FALSE,Social,15,3
440,qjw9tt,_ames_o,"someone, start a problematic discourse.",10,,FALSE,Discussion,,3
441,qjw9cs,artyfrog,everyone else is out partying and iâ€™m here getting drunk on my own,8,,FALSE,Other,17,2
442,qjw92y,im_hungery,I bet it is,4,,FALSE,Meme,13,9
443,qjw92d,marxslemons,How has everyone's day going,7,,FALSE,Other,,2
444,qjw8xr,I_Am_A_Trans_Turtle,The post above me is a lie.,18,,FALSE,Other,,2
445,qjw8lw,InfinityZgamer,Hey is it losing NNN I start at 11:00 and it ends at 12:00 from October to November because technically I was doing it in October so tell me.,5,,TRUE,Discussion,,2
446,qjw8az,ice_dragon6_0,Guys I'm playing TF2 for the first time in this laptop,7,,FALSE,Other,16,8
447,qjw7sq,purple_turtle2305,"I'm embroidering the converse I got the thrift store, just finished the first one. It's bothering me that there's not a perfect pattern but I still like it!",2,,FALSE,Other,,2
448,qjw6zx,mex_nachos,Drew this after learning that antidepressants could make you think of self-harm...,10,,FALSE,Art,,15
449,qjw6qg,Anonymous_8rowsing,The knuckles poke out +5 melee damage,1,,FALSE,Meme,,5
450,qjw6m9,SirMarvel953,Wii nunchuck vs wii nunchucks,0,,FALSE,Meme,,5
451,qjw6e8,Hawaiian_420,I'm done with my school,1,,FALSE,Rant,13,2
452,qjw68o,Your_friendly_weirdo,Yuck I started my period on Halloween,16,,FALSE,Discussion,15,7
453,qjw65g,Hungry-Tax4900,Judge me based on my bitmoji,14,,FALSE,Art,,5
454,qjw658,GayUnicornWizard,Makeup for a party uwu,8,,FALSE,Social,15,3
455,qjw5wq,KiwiGirlUwU,"So my math book had this, one student said it looked like the book was promoting slavery.",12,,FALSE,Other,17,8
456,qjw5tk,2hot4u_,"My pms, niceeee..... :)",5,,FALSE,Other,,7
457,qjw5kj,grrgrrimamushroom,Make an assumption about me cause Iâ€™m bored,21,,FALSE,Media,13,4
458,qjw5ag,doodoodoododoo,i need to take a creative picture that describes what philophy is,3,,FALSE,Other,2 MILLION ATTENDEE,4
459,qjw4vf,dragogiallo,"When ill be an adult id like to live in a van farming a lil garden or doing some basic jobs, i think it would be nice, am i wrong?",5,,FALSE,Advice,,5
460,qjw4lt,azmetrex,Still taking Halloween art requests. (No porn / adult themes) I finished all the ones I got so far lol.,7,,FALSE,Art,17,14
461,qjw4ae,LewyyM,"So this whole ""Halloween"" thing is today? Am I right?",4,,FALSE,Other,13,2
462,qjw4a8,Prawn1562,"Hate my life, have no friends, want to die",8,,FALSE,Serious,,2
463,qjw49s,TheFlyingNut69,Just switched from side part to middle part hairstyle should i keep it or try something else? If yes any suggestions?,2,,FALSE,Advice,18,4
464,qjw3sa,unknown_doomer,How do you beat the snail?,24,,FALSE,Meme,15,9
465,qjw3kl,Feigi_420,I need new music _Ÿ˜©_Ÿ˜©,61,,FALSE,Social,17,16
466,qjw3i7,Casual_Si-Fi,Guys itâ€™s halloween,5,,FALSE,Discussion,14,1
467,qjw35o,onionrings_428,Fuck cardio this too hard,14,,FALSE,Other,15,1
468,qjw355,tomcat3400,How do you know that you're depressed,21,,FALSE,Discussion,18,1
469,qjw2yj,Redmasterbuilder,I think they frogot one,1,,FALSE,Meme,2 MILLION ATTENDEE,13
470,qjw2st,Squirt_Noodle,"Iâ€™m building a plane, how was your weekend?",14,,FALSE,Social,17,12
471,qjw2rz,Guardian_of_ducks,i donâ€™t have a costume but iâ€™ve got cat ears. happy halloween everyone :),20,,FALSE,Social,18,20
472,qjw28s,SpagEddie8113,I made a tower of the little animals I have,6,,FALSE,Other,16,5
473,qjw27v,Agile_Clown,happy Halloween :D,2,,FALSE,Art,,8
474,qjw21o,Round-Zombie8309,i am zombie looking for someone to go out with at halloween together,1,,FALSE,Other,16,0
475,qjw1lz,HMM_MAN,How do I look,25,,FALSE,Other,,68
476,qjw1fv,HypnoViber,"It's No Nut November in my timezone at least, stay strong",4,,FALSE,Media,,3
477,qjw1cm,AlastorDoesntFuck_1,Filters lmao,26,,FALSE,Other,15,3
478,qjw176,Wishbones_007,"Boys ask, Girls answer WHEN IS THIS FUCKING TREND GOING TO DIE",9,,FALSE,Serious,13,2
479,qjw0ha,Your_friendly_weirdo,"I accidentally pulled and popped a tastebud on my tongue while trying to get a hair out of my mouth, it hurts like hell",1,,FALSE,Discussion,15,2
480,qjw0gx,AppleJuiceAJ_,It be like that,2,,FALSE,Meme,15,8
481,qjw0ga,PorTberry,Just been rejectedâ€_yay,5,,FALSE,Relationship,,4
482,qjw0b0,Flamegate718,Anyone want to trade places with me?,6,,FALSE,Rant,19,4
483,qjw05e,pauli_snow,Just got into an heated argument with my mother,22,,FALSE,Other,,6
484,qjw00e,Mr_Sans_Kid,My Halloween plan.,1,,FALSE,Other,15,1
485,qjvzy9,labinnacotua,Alexa is recording,3,,FALSE,Other,13,2
486,qjvzxo,GabeNewell123,"Someone did something similar to this earlier, so ask me if I have it and I'll reply if I have it",6,,FALSE,Discussion,,2
487,qjvzkv,Edward2704,Do you think America should adopt a 4 day school week with no school on Wendsdays? France follows this style and they get better grades and test scores than America.,13,,FALSE,Serious,,1
488,qjvzd7,Lady_Nuggie,Fuck europe,15,,FALSE,Discussion,,4
489,qjvzcj,Squeeze_My_Lemons,Frontman speaking! 3D printed mask for my Halloween costume!,4,,FALSE,Art,17,9
490,qjvz94,CreepyReputation608,Bro wtf. Different parts of my body keep feeling like they're warming up and burning,1,,FALSE,Other,,2
491,qjvz0g,charger03,Nice Temperature,1,,FALSE,Other,17,6
492,qjvyuc,labinnacotua,"I know the government is tracking us using computers and phones, and to be hones, I don't care.",1,,FALSE,Serious,13,2
493,qjvypq,VladimirPutinMain,help me,2,,FALSE,Serious,,1
494,qjvyka,ChipIll387,All this time I thought Cheesecake Factory was fast food...,5,,FALSE,Other,19,0
495,qjvyef,mosesthebeanboi,"i didnâ€™t have a jumpsuit so i decided to make the best out of what i have, what do you guys think?",4,,FALSE,Advice,,9
496,qjvxyp,Godofwar_12,"Are you looking for a friend? Then go dm me, deal?",4,,FALSE,Social,,2
497,qjvxy0,Youreternalvengance,What makes me a good demoman?,3,,FALSE,Other,18,4
498,qjvxvo,OnyxReflection,Doesn't anyone trick or treat anymore?,3,,FALSE,Rant,16,1
499,qjvxd8,BidoofMaster_,Pov you are a girl,20,,FALSE,Meme,16,10
500,qjvxac,jagebus,Does NNN pertain to females as well?,6,,FALSE,Discussion,,1
501,qjvx1s,grainnman,I wanna see everyoneâ€™s Halloween drip,4,,FALSE,Social,,7
502,qjvwn5,labinnacotua,I think clothing stores may be tracking us.,8,,FALSE,Serious,13,3
503,qjvwkg,Mogus_123,Guys say U R SO 6 C I 1 2 4 Q _Ÿ˜©_Ÿ˜©_Ÿ˜©_Ÿ˜©_Ÿ˜©_Ÿ˜©_Ÿ˜©_Ÿ˜_,12,,FALSE,Meme,13,3
504,qjvwcv,SalmonEater777,"I have a really tactile friend, is there i way i can tell her to stop",4,,FALSE,Social,,2
505,qjvwcf,a_shit_person,Can yall have a look at my TOMT post just before this one,2,,FALSE,Social,2 MILLION ATTENDEE,1
506,qjvw4c,ihaveautismxD,anyone wanna join me n my fren's discord server?,0,,FALSE,Social,15,2
507,qjvvz8,Tea_with_biscuits,"GUYS, THERE IS NO ESCAPE",15,,FALSE,Meme,16,38
508,qjvvwu,Cuber_01,this pic goes hard. feel free to screenshot.,7,,FALSE,Meme,15,29
509,qjvupp,Unicorn5421,"_Ÿ‘»_Ÿ‘__Ÿ‘¿Happy halloween everyone! Here is some all original lofi to unwind after a stressful day, or just to relaxâù_link is in the comments.",2,,FALSE,Media,,3
510,qjvumk,Sanzy_Fresh,"Guys, tomorrow is no nut november",6,,FALSE,Social,,1
511,qjvu0d,WinterSky5,Any of yall planning on going trick or treating,6,,FALSE,Discussion,16,3
512,qjvtea,gnoble22,Iâ€™ve been feeling pretty down about myself the last couple of weeks so my dad took me out for a photo shoot to hype me up _Ÿ˜_,15,,FALSE,Other,17,20
513,qjvtbs,SLK_Kens3i,"I saw this in the market parking lot, is it a sign?",4,,FALSE,Meme,16,4
514,qjvt87,Reaminca,It's cringe,6,,FALSE,Other,16,2
515,qjvt1e,Ik_ben_lars,Life of a male Redditor(this is a joke),5,,TRUE,Other,14,10
516,qjvstj,inosuke6,How's your Halloween I just got in a car accident,32,,FALSE,Social,,7
517,qjvsci,Redditer837,Tomorrow is the first day of NNN. This will be HARD gentlemen. (Get it? Cause of hard. Haha Iâ€™m so funny),7,,FALSE,Meme,,0
518,qjvrxe,Wiltonlaws,I have never been at such a low point in my life,3,,FALSE,Other,,3
519,qjvrs3,big_cock_69420,I have 3 hours and 23 minutes before i can start NNN,4,,FALSE,Other,16,2
520,qjvrh9,alice_skullsplitter,i want kiss uwu,28,,FALSE,Other,15,7
521,qjvrbw,Captain-Crunch78,i counted how many assignments ive had to far this quarter (8 weeks),2,,FALSE,Rant,16,3
522,qjvr90,katsuxdon,nobody asked but my classmate/crush reached out to me on insta today and we became friends :D,4,,FALSE,Other,14,5
523,qjvqv7,NekoPlayzzzzzzz,NNN is close,10,,FALSE,Social,,1
524,qjvqsp,throwaway3847473728,"Man I (as a teen guy) was sexually harassed by a middle age woman at a Halloween party yesterday, is this what girls feel like ? I I harass women like this, im gonna stop",9,,TRUE,Serious,17,5
525,qjvqe9,SalmonEater777,"I have a really tactile friend, is there how can i tell her to stop",8,,FALSE,Relationship,,2
526,qjvpyj,AlastorDoesntFuck_1,My costume-,7,,FALSE,Other,15,3
527,qjvps1,MostSafe8,I had my first crush on a boy (as a boy),7,,FALSE,Social,,5
528,qjvoy8,guitariscool,Stay up all night with me in Maui,0,,FALSE,Social,,2
529,qjvowe,Memerguyy,May or may not be based on true events,1,,FALSE,Meme,14,20
530,qjvont,Just__A__Retard,The richest man on earth is African American,21,,FALSE,Other,15,2
531,qjvo70,Mardfray,I am starting to run out of sweets to give to children,7,,FALSE,Social,15,3
532,qjvnyp,BaimanLich_TheOne,HAPPY HALLOWEEN GUYS!!! _Ÿ_ƒ_Ÿ‘»_Ÿ’€,1,,FALSE,Art,,5
533,qjvnj0,ilolola,Mine is _Ÿ˜__Ÿ˜_,48,,FALSE,Media,,8
534,qjvmg1,Bougeoisie_CremeEgg,Me when the squid wins a game idk Iâ€™ve never seen the show,20,,FALSE,Media,18,25
535,qjvm9v,Fish_Revolution,I will tell my crush about my feelings next thursday.,9,,FALSE,Social,,2
536,qjvm28,TuneAway,Happy halloween,16,,FALSE,Other,17,157
537,qjvlxo,howdoyousayyatch,No Nut November begins,3,,FALSE,Meme,,9
538,qjvlhx,I_Want_ToFingerPieck,"I am bored, anyone wanna talk?",12,,FALSE,Other,15,1
539,qjvkue,jessica3647,share some pic princess,15,,FALSE,Meme,,1
540,qjvkkf,DanishGopnik,And thats where all of this first started,5,,FALSE,Meme,,5
541,qjvki7,Waffles_4560,So are yall ready for November?,9,,FALSE,Discussion,15,1
542,qjvk8j,NiHaowo,Whatâ€™s the point of trolling? Its just sad if you just wanna make others feel bad cause u have nothing else going on,3,,FALSE,Discussion,,1
543,qjvk8c,Flimsy_Director_3421,Anyone know Spanish?,5,,FALSE,Other,,1
544,qjvk2n,Ichb1n_thiqcc637,IM GETTING BLACK OUT DRUNK TONIGHT,25,,FALSE,Other,15,2
545,qjvk24,GreninjaNafi,Posting untill I get my first kiss (day 606),5,,FALSE,Other,16,2
546,qjvjrs,Supreme_breme,bottle cap collection so far at 14,5,,FALSE,Meme,13,1
547,qjvjrg,GFB1011-,Happy Halloween _Ÿ_ƒ. Any plans for today or just the usual of scaring toddlers?,7,,FALSE,Discussion,16,3
548,qjvjat,Vegetable-Grand6930,"Guys I was sailing on the South China Sea and I found an island at south east of China, north of the Philippines and west of the Ryukyu islands, what is it?",6,,FALSE,Other,15,1
549,qjvirv,TimTom_Thomas,Carved a second pumpkin,7,,FALSE,Art,16,13
550,qjvip0,insert-name696969,How do you get rid of your feelings of someone?,2,,FALSE,Relationship,,3
551,qjvilu,joni23u,The state of this subreddit,12,,FALSE,Other,,4
552,qjvian,Youreternalvengance,I swear Iâ€™m not a coward,14,,FALSE,Other,18,9
553,qjvia8,EXTRMLY,happy halloween everyone! also what costume are you wearing?,7,,FALSE,Discussion,13,1
554,qjvi0b,Volkanikbanana,My pumpkin as a European,4,,FALSE,Art,14,4
555,qjvi01,Ok-Landscape-4430,This old lamp we have is so beautiful,3,,FALSE,Other,16,2
556,qjvhu4,Bryce_Wayne,"Sorry to be this guy, but what do yâ€™all think?",10,,FALSE,Relationship,,5
557,qjvhih,AssholeNeighborVadim,Pictures. Pretty bad but hey it was foggy and I needed to make use of that,13,,FALSE,Art,18,53
558,qjvhch,FinkyFamboni,Just cut down a tree,11,,FALSE,Other,14,6
559,qjvh51,Skywalker_047,NNN is around the corner any advice to give?,13,,FALSE,Advice,,0
560,qjvfnq,Kaskanlol,I wish everyone a happy halloween and good luck to all the bois during No Nut November,1,,FALSE,Meme,16,4
561,qjvgat,galvantula04,Guess who I'm going as for Halloween,13,,FALSE,Social,17,4
562,qjvg1a,devumatt,it's tomorrow,4,,FALSE,Meme,,8
563,qjvfsd,Biggazzer45,"Got nothin fancy or fruity to say, just happy Halloween guys, have a nice one",15,,FALSE,Social,15,2
564,qjvfe7,TheBackyardigirl,Heard we were guessing each otherâ€™s Halloween costumes. Anyone know who I am?,3,,FALSE,Social,,0
565,qjvf9t,ponder2000,"Your thoughts on ""No Nut November""?",10,,FALSE,Discussion,,1
566,qjvf32,Emmett366,Happy Halloween!,6,,TRUE,Social,,8
567,qjvf0m,much_bad_gramer,My little brother just returned from trick or treating... I thought it was a Ferrero Rocher,5,,FALSE,Other,15,11
568,qjveef,IIhazed,piss yoinky frfr,3,,FALSE,Other,14,2
569,qjveee,I_know_da_wee,How did I lost so much karma,5,,FALSE,Serious,14,2
570,qjve14,VladimirPutinMain,your food... gone,2,,FALSE,Meme,,66
571,qjvdz1,Thy_leader,I will always find it extremely funny to say thank instead of thanks,5,,FALSE,Social,15,3
572,qjvdwx,Scoop500,Drank last night for spooky season party and now my arm is half aseep what the f**k,3,,FALSE,Serious,17,2
573,qjvdsg,CozmicRed,Do you like scary movies? What's your favorite scary movie?,6,,FALSE,Social,15,5
574,qjvdlk,Fantasyneli,Guess what continent I'm from with these 3 clues,5,,FALSE,Social,13,1
575,qjvdgt,true_sun_god1000,Who here has a youtube channel? (I don't),4,,FALSE,Discussion,14,1
576,qjvdc0,SansTheComic147,Had too repost (couldnâ€™t get the full thing sorry),0,,FALSE,Other,,2
577,qjvdb0,AgeAggravating9774,I was training for this ......for destiny.... like for so longggg!!!!!,4,,FALSE,Social,18,4
578,qjvd5n,triplos05,My Halloween costume. How do I look?,7,,FALSE,Social,16,9
579,qjvcx4,Comic_karma,Whatâ€™s your favorite song right now?,7,,FALSE,Social,,3
580,qjvcsj,Spaceturtle79,Prob bad idea idk,13,,FALSE,Social,16,30
581,qjvcrx,lukmly013,This is what I wanted.,2,,FALSE,Discussion,15,21
582,qjvcps,plague5467,The greatest thing just happened,0,,FALSE,Social,15,2
583,qjvbql,BlueDemon999,For some strange reason I feel really out of place rn due to my relationship status,3,,FALSE,Meme,,3
584,qjvbom,R0CKZ0MB13,How do you guys cope,5,,FALSE,Advice,,0
585,qjvbfc,Woooosh-if-homo,"Hereâ€™s my Steven universe halloween costume, what do yâ€™all think?",7,,FALSE,Social,,22
586,qjvbbc,YourBabyGirI,Daily kitties,12,,FALSE,Serious,15,14
587,qjvbb6,Tamago_Kinoko,Technically everyone named Zed is named after a letter of the alphabet,6,,FALSE,Discussion,13,3
588,qjvb8p,NateThyBunny,Why are parents delusional?,5,,FALSE,Rant,,0
589,qjvb5n,true_sun_god1000,Who here owns an axolotl? (I don't),4,,FALSE,Discussion,14,1
590,qjvann,Ashtonenegelbrecht,Ehh whatever,3,,FALSE,Serious,16,0
591,qjval7,Danny_boy1,"Confronted my longtime school Bully, unsurprisingly got suspended :/",7,,FALSE,Discussion,"_Ÿ_‰ 1,000,000 Attendee! _Ÿ_‰",5
592,qjvah0,Castor-Troy-France,Steampunk Explorers - Halloween Style - Already 8'600 supports on LEGO Ideas,2,,FALSE,Art,,2
593,qjva3m,tumorknager3,"Destroyed a hat because I wanted to go tiroler style, wouldn't say this worked tho",2,,FALSE,Art,17,7
594,qjv9nb,Nightwarper,What are they even implying?,15,,FALSE,Other,16,111
595,qjv9l4,chilll_vibe,Tell me your shitty opinions and I will tell you why you are wrong,22,,FALSE,Other,17,5
596,qjv9jo,MyGuyCorbin,Just do it,93,,FALSE,Meme,,28
597,qjv9j4,Maximus10294,What to do on Halloween,10,,FALSE,Advice,15,3
598,qjv90m,Alt_Acc_Cool,I want to draw some Star Wars stuff rn,6,,FALSE,Discussion,15,1
599,qjv8ty,true_sun_god1000,Who here plays bloons td 6?,3,,FALSE,Discussion,14,1
600,qjv8s9,labinnacotua,Rowleys arm being broken is Rowleys fault,2,,FALSE,Other,13,2
601,qjv8ry,SkyMasterARC,My brother just told me he saw his friend poke his dogs butt and balls.,3,,FALSE,Other,18,1
602,qjv8oz,ville1001,My Eboy Halloween costume from yesterday!,4,,FALSE,Media,,6
603,qjv8lr,awatts00,Relationship ting,7,,FALSE,Advice,,2
604,qjv8ge,true_sun_god1000,Who here plays dungeons and dragons?,9,,FALSE,Discussion,14,1
605,qjv84i,No-End7595,Is NNN for us girls too?,14,,FALSE,Discussion,,2
606,qjv79u,Sawyer_NO_U,I need a last minute Halloween costume,11,,FALSE,Other,,3
607,qjv74p,lukmly013,You are not alone in being alone!,1,,FALSE,Discussion,15,3
608,qjv6z0,HellBoyie,I had no choice _Ÿ˜_,2,,FALSE,Meme,,2
609,qjv6kr,Sawyer_NO_U,How's my pumpkin?,13,,FALSE,Other,,3
610,qjv64g,NiHaowo,Why did Pocky get so popular? Itâ€™s alright but itâ€™s not what itâ€™s made out to be,11,,FALSE,Discussion,,2
611,qjv5pc,Gradimp,How's it going?,3,,FALSE,Discussion,16,1
612,qjv5oa,Just__A__Retard,I have only learned English for 5 years and Spanish for 10 years but my spanish is worse than my english,2,,FALSE,Other,15,2
613,qjv548,OMGgamer_,Itâ€™s Halloween and Iâ€™m sitting here watching a crap show alone,6,,FALSE,Social,14,1
614,qjv53n,odd_personOwO,what time are you guys going trick or treating? (if your going),6,,FALSE,Other,,1
615,qjv521,Zakuro51,Anybody have any rumors about your school building to share?,6,,FALSE,Discussion,18,2
616,qjv4nq,Papastalone,Should I shave,2,,FALSE,Advice,,1
617,qjv40a,Haveagooday234,Iâ€™m crying rn but they r not happy tears,5,,FALSE,Advice,15,1
618,qjv3xy,shanky-phantom,The last nut,10,,FALSE,Other,17,4
619,qjv3hi,mrsbeleren,"I was chilling, gaming, when one dipshit came along and told me to get back in the kitchen",8,,FALSE,Rant,16,2
620,qjv3bj,lewisthepodcaster5,Ready to fail nnn in the first minute,3,,FALSE,Social,,2
621,qjv3ay,Ichb1n_thiqcc637,How's your Halloween going?,10,,FALSE,Other,15,2
622,qjv2q7,little_sushiroll,hello hello,44,,FALSE,Social,17,3
623,qjv1tp,doctorotogonapus,If you stab a cereal box,4,,FALSE,Other,,3
624,qjv1og,No_Vegetable_4199,Need help,5,,FALSE,Advice,,1
625,qjv1e3,azmetrex,Currently taking chalk art requests for Halloween. (No porn / adult themes),11,,FALSE,Art,17,6
626,qjv0yu,DegenerateLikeU,its 2 am and every cell of my body wants me to stay awake,3,,FALSE,Advice,2 MILLION ATTENDEE,1
627,qjv0s9,trainboy6605,"Give me a number between 1-1,005 and I'll give you a song",24,,FALSE,Discussion,15,2
628,qjuzm6,ApolloMANIA,I am not single anymore,21,,FALSE,Relationship,15,12
629,qjuyz3,milcyra,social media survey,3,,FALSE,Serious,,3
630,qjuyck,labinnacotua,I support Lisa Gaming Roblox,6,,FALSE,Other,13,0
631,qjuy84,AutizmAcaXD,Cum pencil,3,,FALSE,Meme,,3
632,qjuy29,No-End7595,"Felt cute, might delete later",23,,FALSE,Media,,16
633,qjuxyp,zoutjes,Bye and hello,4,,FALSE,Media,14,3
634,qjuxwd,labinnacotua,A room art,0,,FALSE,Art,13,3
635,qjuxs2,Badguy-goodguy,I hate my job,0,,FALSE,Discussion,18,3
636,qjuxpz,Digitab,Eyyy happy Halloween lads! Ya boi's going as a mysterious salesman,21,,FALSE,Social,15,30
637,qjuxk3,SergiuMST,It's coming,1,,FALSE,Meme,,17
638,qjux5s,I_know_da_wee,I will answer them but not right now,14,,FALSE,Meme,14,9
639,qjux4t,Metallic_Mayhem,"After 3 years the alt girl and fluffy hair gamer duo is still going strong, I couldnt ask for anyone better!",5,,FALSE,Relationship,18,17
640,qjuwvt,Big-Divide-4415,You guys wanted more dog pics so here,3,,FALSE,Social,13,14
641,qjuwrn,D-A-U-B-E-N-Y,If god had wanted you to live he would not have created me,15,,FALSE,Other,,19
642,qjuwn1,MasterChief-2005,My invisible man cosplay,3,,FALSE,Other,15,7
643,qjuvle,gri101,where do you guys wanna meet your future partner and why?,26,,FALSE,Discussion,14,6
644,qjuv3h,DeepSpaceOG,Why was chicken apple sausage ever invented?,3,,FALSE,Discussion,19,1
645,qjuuo0,HamSolo273,Bro y'all are too boring,18,,FALSE,Meme,19,2
646,qjut3h,aliendude369,found a useful tutorial.,3,,FALSE,Advice,,4
647,qjutww,Royal_Bonus8765,Find a girl in the midwest who is single challenge (IMPOSSIBLE),15,,FALSE,Relationship,18,3
648,qjuttz,NiHaowo,"Soo, if any of yâ€™all have ever had any questions for or about trans people, ask! (Kinda like cis ppl ask trans ppl answer lol) and ur questions shall be answered",7,,FALSE,Discussion,,0
649,qjutpl,5.55556E+13,Just realized Im actually kinda hot wtf,7,,FALSE,Other,14,5
650,qjusyj,One_andMany,Second time in just 5 years that the first snow has been on Halloween.,2,,FALSE,Other,14,5
651,qjutbj,jathiswaram,jason derulo,5,,FALSE,Meme,,1
652,qjutb8,SergiuMST,NNN Didn't even started and I can't wait to be over _Ÿ’€,3,,FALSE,Meme,,10
653,qjuswr,TripleA2006,I'm skipping NNN,5,,FALSE,Discussion,15,8
654,qjusqe,Big-Divide-4415,Just vibing at home with my dog,3,,FALSE,Social,13,10
655,qjuskx,myusualonesweretaken,Our simplistic timetable for our lunch break,1,,FALSE,Other,,3
656,qjure7,KaanTheReaper256,"Hey everyone! I am making my first game rn it will probably be called Madness Redux. Today i made a title screen, some buildings in the background and the beginning of both forward and backwards walking animations. If you have any ideas or criticism to say it would be nice, have a good day/night.",15,,FALSE,Other,15,10
657,qjurhv,SnooaLipa,Am I the only one that knows the â€œcreepy messageâ€ù thatâ€™s currently the top post on this sub is a reference to a shitpost from a while back?,2,,FALSE,Meme,,1
658,qjurht,PropertyAggressive81,Just read the whole thing,13,,FALSE,Discussion,15,50
659,qjuqx6,Prawn1562,"Iâ€™m gonna hang myself now, canâ€™t take it anymore",31,,FALSE,Serious,,3
660,qjuqrp,Ghost-Overdrive,"Was feeling nice and a little confident so took a pic. With mask on was the best thing I could do. Anyway, to not just show photo, a few things the people who see this can do: 1) Rate :) 2) Guess my nationality. 3) Guess how distance I travelled (I was cycling). 4) Try to have a great day.",5,,FALSE,Social,15,8
661,qjuqrc,turnicksteve,If my hometown football team (Cleveland Browns) win.,0,,FALSE,Relationship,17,2
662,qjuqox,LyZeN77,"""oMg a wEiRd cReAtUrE's iN mY dMs"" learn, bitch",74,,FALSE,Advice,,1992
663,qjuqld,themagicianoftheweek,"Robert's got a quick hand , he'll look around the room He wont tell you his plan He's got a rolled cigarette",3,,FALSE,Other,16,1
664,qjuqg4,Quetzalius,I need someone who speaks an Asian language to tell me what this means (I was told it's in Chinese),5,,FALSE,Social,15,6
665,qjuqdh,4zaUtreg,Im bored dm me if you want,0,,FALSE,Discussion,13,1
666,qjuqbh,biggangbanga,halloween workout_Ÿ_ƒ_Ÿ’ª_Ÿè_ make an assumption about me,6,,FALSE,Discussion,,5
667,qjupx9,NicXes21,Face mask that doubles as a Halloween mask. Nice. Hi.,5,,FALSE,Social,,2
668,qjuprp,TomatoStreetCan,I request a ban to u/redactedjoessoap,23,,FALSE,Serious,,4
669,qjupm1,curius_,I mean... You can still do it,3,,FALSE,Meme,15,24
670,qjup4g,TrashBoat337,FUCK YEAH,6,,FALSE,Other,14,5
671,qjup2h,CallMeJosh_31,Have any of yall ever seen a post and been like I wanna comment fuck you soooo bad but didn't for ethical reasons?,7,,FALSE,Other,,3
672,qjuosq,soggymoldster,cool people roll call,8,,FALSE,Discussion,16,1
673,qjuodm,MicSpence,I love Halloween,20,,FALSE,Relationship,14,50
674,qjuo97,SergiuMST,F NNN is coming and we cannot stop it,6,,FALSE,Meme,,16
675,qjuo8e,archittgupta,"Maybe it's just a year, whole life isn't miserable like this.",1,,FALSE,Serious,,1
676,qjuo4n,Mihicular,"People who dislike, are confused by, donâ€™t understand, or are just curious about trans people or non-binary people; ask questions here",9,,FALSE,Discussion,16,4
677,qjunrh,WachuQuedes,Mountain of chairs with the boys!,5,,FALSE,Social,17,8
678,qjungk,yaillbro,"I saw this somewhere else, so letâ€™s do this here",2,,FALSE,Other,13,4
679,qjunes,watermelon-21,16 and ran away from home,9,,FALSE,Serious,,4
680,qjunau,severalalpaca,mod moment,4,,FALSE,Meme,,14
681,qjun6o,CallMeJosh_31,Hello!! Anyone wanna make music with me?,7,,FALSE,Other,,4
682,qjun62,Andre_w__,hey guys hereâ€™s my girlfriend requirements,18,,FALSE,Meme,,5
683,qjum0g,Frimie1,20 things before turning OLD,4,,FALSE,Advice,OLD,5
684,qjulxr,Almic-1,Obligitory Sunday selfie :b,2,,FALSE,Media,15,4
685,qjulci,Destinyslayer2000,Itâ€™s my b-day,13,,FALSE,Other,17,6
686,qjulbb,RadiantLog4369,ayyyy i went to my first Halloween party and it was awesome. i'm finally getting over my crippling social anxiety _Ÿ˜__Ÿ˜__Ÿ˜_,13,,FALSE,Social,16,4
687,qjul6v,Greatkitchener,How old is too old for trick or treating?,12,,FALSE,Discussion,,3
688,qjukxo,Willing-Delay9441,Today is Halloween,0,,FALSE,Discussion,17,1
689,qjukb4,Lonely-dude,"Halloween thing with my ocâ€™s Rhya and buttercup, buttercup loves Halloween Rhya hates it cause sheâ€™s a party pooper but sheâ€™ll still wear matching costumes",0,,FALSE,Other,15,9
690,qjuk6r,alt_acc83937,"If you feel like you want a listening ear or need to rant, feel free to DM me",0,,FALSE,Other,,1
691,qjujx0,astupidrussian,Describe a movie badly Iâ€™ll try and guess it,36,,FALSE,Social,17,3
692,qjujav,ZealousidealFun7187,Iam bored,5,,FALSE,Discussion,19,2
693,qjuiv5,Plant_Hairy,Girls: whatâ€™s the appeal of tall guys?,28,,FALSE,Other,,1
694,qjuiu0,Special-Ad1992,"Being Alivebur on Halloween. Went out, felt good. I was so happy, I loved how I look! I hope y'all had a nice Halloween",13,,FALSE,Social,14,9
695,qjui8l,HamSolo273,Need me a cute British girl,21,,FALSE,Meme,19,13
696,qjui7z,bobtheconqueror42,"we were supposed to design a shoe for history, cuz like we're learning about capitalism",5,,FALSE,Discussion,17,1
697,qjuhn9,Mr_Mattrez,"Hey uh this is my first post ever and i wanted to show this drawing i made of Nagatoro crying yesterday, it's certainly not my best drawing but i wanted to share it anyways, i will try to draw her again today",6,,FALSE,Art,,5
698,qjuhgq,SergiuMST,Every boy rn,7,,FALSE,Meme,,14
699,qjuhgp,big_cock_69420,Lol i'm feeling light headed,2,,FALSE,Other,16,2
700,qjugmh,Ornery_Elderberry_32,Pizza and movies qt my grandmas housr for Halloween. Hope you guys have a great Halloween. (Dont worry about the audio its not important),0,,FALSE,Other,,6
701,qjugp2,AdWeird2780,My mime Halloween costume in noir fashÃ_Ã_Å„,0,,FALSE,Social,14,5
702,qjuggh,minezespine,This is my dad ....he is amazing I love him soo much _Ÿ¥º_Ÿ¥º,9,,FALSE,Meme,,11
703,qjugge,severalalpaca,so i was just framed for reposting apparently..?,0,,FALSE,Rant,,1
704,qjugcd,DickSuace,I lowkey dance to this song,0,,FALSE,Discussion,18,3
705,qjufu2,AshtonTheArtist,Here's some gomotion/Halloween art. Happy Halloween!,0,,FALSE,Art,,3
706,qjufl2,donejustdid,I'm on a 3 hour road trip someone dm me so I wont be bored,1,,FALSE,Other,15,2
707,qjufj0,Nek0Yeet,I wrecked my first car last night :( (small blood warning tho),15,,FALSE,Other,,7
708,qjueha,terryslaughter45,This goes to everyone at my school not naming it tho,10,,FALSE,Media,,0
709,qjuegd,sivstarlight,My halloween costume. Doot doot! Stay spooky.,0,,FALSE,Social,13,6
710,qjue66,0reoPringles,I don't know what to do.,8,,FALSE,Relationship,14,1
711,qjudzx,I_Want_ToFingerPieck,"Hello fellow lonely and touch-starved teens, how are you doing?",11,,FALSE,Other,15,3
712,qjudy8,somegamerlad,GUYS PLEASE HELP ASAP,5,,FALSE,Advice,14,2
713,qjudkp,Flying-Crash,How do I look 1-10 I really donâ€™t know how to feel about my looks,11,,FALSE,Other,,5
714,qjud3g,pazlit,Looking for a language exchange partner,16,,FALSE,Discussion,14,1
715,qjucy0,TorjeJohannessen,Want to buy this wallet but I have to ask my parents first and I don't think my dad will approve.,16,,FALSE,Advice,,4
716,qjucxc,CaseTars,A very small poemâ€_,2,,FALSE,Rant,,1
717,qjucdl,HamSolo273,Tell me your embarrassing stories,11,,FALSE,Social,19,0
718,qjuc7n,UrskiPERKELE,Yall know the feeling when a cat just casually comes to sit on you and you feel like the chosen champion of the universe?,8,,FALSE,Other,17,18
719,qjuc0v,marxslemons,An interesting title idk,3,,FALSE,Meme,,16
720,qjubzb,popcornwall69,Why north face raising their prices so much,4,,FALSE,Social,,1
721,qjub4r,FlatBreadM3m3s,Oh hey Iâ€™m unsuspended now,4,,FALSE,Discussion,15,2
722,qjuam3,CuddlesTheRebel,Whats the worst hospital experience you had?,2,,FALSE,Social,16,1
723,qjuaa9,Solo_In_Aeternum,I'm such a fucking 3rd/5th wheel,4,,FALSE,Rant,17,1
724,qju9vj,Gabris253,"I've just deleted all erotic stuff from my phone. It was above 1,10GB",10,,FALSE,Other,17,3
725,qju9s8,Tasty_Guarantee6417,I just came across something divine,0,,FALSE,Other,,1
726,qju9fl,DanishGopnik,Please just stop,0,,FALSE,Meme,,2
727,qju9d9,nixrero,Zoom for cool people,5,,FALSE,Other,15,2
728,qju8xj,Mostcoolkid78,Ah Iâ€™m 5 years old now,9,,FALSE,Other,13,2
729,qju8t1,chai-knees,Going through this sub convinced me to NNN,2,,FALSE,Other,18,2
730,qju8pa,BR-55,"Daily Halo 2 quote, Day 6",0,,FALSE,Art,14,3
731,qju8jb,memeweazel,Carved some pumpkins with my friends! Which one is best?,9,,FALSE,Social,,11
732,qju8b3,Ultra_from_mars,"For every comment, I will do 1 push up, you have 24 hours",32,,FALSE,Art,13,3
733,qju7ux,4gbRAMisstupid,Anyone wanna talk,4,,FALSE,Social,,1
734,qju7fy,funny_orangutang,Do it agen,7,,FALSE,Other,13,12
735,qju7dt,Just_A_Throw-away481,Happy Halloween!,0,,FALSE,Other,14,1
736,qju6yo,Ultra_from_mars,"I wanna play minecraft but my parents have restricted games from two months, they won't let me enjoy myself help",9,,FALSE,Serious,13,4
737,qju60m,devinis,I saw this shopping cart go in the road,3,,FALSE,Media,,3
738,qju6lw,Knizeolopo,Looking for someone that wanna trainspott,0,,FALSE,Social,,1
739,qju6g7,xx_sud_xx69,My DMs are dryyyy_Ÿ˜©_Ÿ˜_,11,,FALSE,Serious,,0
740,qju6d6,I_Am_A_Trans_Turtle,"Fellas, how does it hurt to know that today is the day before No Nut November?",10,,FALSE,Other,,3
741,qju687,nbCryptidd,guess my nationality or whatever. also happy halloween,10,,FALSE,Social,14,2
742,qju5as,Youreternalvengance,Mum told me I shouldnâ€™t wear my plague mask because it might scare my younger cousins. My 5 year old cousin seemed to disagree,3,,FALSE,Other,18,21
743,qju4t5,Chris_1217,Whatâ€™s it like being kissed by a vampire?,3,,FALSE,Social,2 MILLION ATTENDEE,2
744,qju4fs,ekk399,If your new reddit username was your reddit password backwards what would your new reddit username be?,8,,FALSE,Other,,2
745,qju4ek,pizzaspider,am i really that weird for getting annoyed because my mom keeps calling me a slut for wearing fishnet tights with my shorts?,11,,FALSE,Other,17,1
746,qju4c4,LuigiSexDoll64920,I did no nut october and i think im ready,3,,FALSE,Discussion,13,3
747,qju4bu,bpcreep100,Gone bike riding with my dad pretty fun,0,,FALSE,Media,,4
748,qju427,Ultra_from_mars,Me when I was 3,3,,FALSE,Art,13,3
749,qju391,Illustrious-Arm464,Lays chips vs Pringles,14,,FALSE,Discussion,,1
750,qju2y8,Life_Investment7465,Definitely not me begging for karma,3,,FALSE,Meme,16,6
751,qju2vm,Bigtiddytinyballman,Guess my age,36,,FALSE,Discussion,,5
752,qju2jx,MAliAbid,A sleeping thought,6,,FALSE,Other,,2
753,qju1vi,cumbetweenmytoesmmmm,this unlocked a memory,1,,FALSE,Media,,8
754,qju234,YEETINGBOY12,I wasn't prepared last year,1,,FALSE,Meme,14,1
755,qju1zy,mexanarocked,Tf is wrong with ppl,48,,FALSE,Rant,16,2
756,qju1re,SaltDeposit-,Pumpkin vore,1,,FALSE,Art,15,10
757,qju1r3,Lightning_mah_queen,Apparently i am selfish for wanting to play a game i like with friends,2,,FALSE,Rant,15,1
758,qju1n5,Youreternalvengance,I got the plague mask and the funeral director drip. My customers from my first business always come back for my second.,3,,FALSE,Other,18,3
759,qju1fu,MyCoddledMind,No aurora last night :(,1,,FALSE,Other,16,1
760,qju1bj,SickSickleDude,Me and my friend started to get into a conversation about the Greek poet Homer. I had found out he never even heard of him,1,,FALSE,Meme,14,1
761,qju12g,Anorexic_Fatass,"Came from a bass leson, hungry and tired as shit, so... Who wants to chat?",6,,FALSE,Other,,2
762,qju106,USBhud,Its almost November...,3,,FALSE,Discussion,,0
763,qjtzfh,Limeicard,Teenagers I need help.,8,,FALSE,Discussion,15,2
764,qjtyzq,Ductape_the_Short,Heheh S E Ã—,22,,FALSE,Other,17,317
765,qjtyul,gingerlegend25,why hello there,2,,FALSE,Rant,16,2
766,qjtyqu,02zt,Iâ€™m not gay right,4,,TRUE,Other,,4
767,qjtyqa,antivaxxersaremorons,"Can we make these ""talks?""",0,,FALSE,Advice,17,1
768,qjtyoi,hallo_there1,Saw this guy on the class board today what should I name him,9,,FALSE,Meme,14,8
769,qjtxc8,Frikandelneuker,Spooky pets for google boys.,0,,FALSE,Discussion,16,2
770,qjtxmz,BenIsKindaACoolName,"I tried to talk to him again, hoping that we could work things out. After a few days of talking he sent me this. F in chat",5,,FALSE,Discussion,17,7
771,qjtxcl,HamSolo273,I don't care if you are about to participate in NNN,5,,FALSE,Serious,19,2
772,qjtwwf,DanishGopnik,"Fellow danish teenagers, lets confuse the non-danes",8,,FALSE,Meme,,2
773,qjtwr9,throwaway5432903,"I just tried dog food out of curiosity seriously wtf is this, how do they eat it ? am I torturing my dog ? Holy shit",4,,FALSE,Other,18,2
774,qjtwqh,Vijay_Pawar,I AM PARTICIPATING IN NO NUT NOVEMBER.,4,,FALSE,Social,16,3
775,qjtw4i,Cod-ed,rate this drawing,9,,FALSE,Art,,18
776,qjtw3q,Hammarkids,Any funny and thoughtful present ideas for my crushâ€™s birthday tomorrow?,1,,FALSE,Advice,14,4
777,qjtvvt,Italian_Mapping,Holy hell Good & Evil by Tally Hall is too good,2,,FALSE,Art,16,1
778,qjtvso,Max_My_Dog,Iâ€™m going to scare the shite out of the trick o treaters,1,,FALSE,Meme,,9
779,qjtuh3,chompa_lomp,How can I make my last year of school (GCSEs) bearable?,5,,FALSE,Advice,15,1
780,qjttnd,AlastorDoesntFuck_1,Purity by Slipknot is so good-,2,,FALSE,Other,15,2
781,qjttkj,West-Emu-8696,"Nonstop Nutting November, here I go.",8,,FALSE,Meme,14,1
782,qjtti3,HamSolo273,Weirdly enough I was reading about how men actually experience higher rates of arousal in November,7,,FALSE,Discussion,19,5
783,qjttbc,Warm-Ad5229,Happy Halloween y'all,1,,FALSE,Other,13,5
784,qjtt6u,Ducky_Shincracker,"â€œReally? Thatâ€™s greatâ€ù â€œ2 at 9:00? Perfect, see ya thenâ€ù",3,,FALSE,Art,18,11
785,qjtt0u,odd_personOwO,a guy said i was going to get me tea and never came back,2,,FALSE,Other,,3
786,qjtsqi,Kamikaze_AZ22,All hail pipi,2,,FALSE,Social,18,5
787,qjtsp8,steakcheesefootl0ng,The greatest words ever spoken,0,,FALSE,Other,,2
788,qjtsml,iiredgm,anyone else fucking hate this virus?,15,,FALSE,Rant,17,1
789,qjtrjo,JaydenIsAPerson,do you guys like my editing _Ÿ§çâ€çâ™€ï¸è_Ÿ§çâ€çâ™€ï¸è_Ÿ§çâ€çâ™€ï¸è(donâ€™t bring up my acting because i already know itâ€™s amazing),12,,FALSE,Media,15,13
790,qjtrdu,Heartlessqueencard,Deleted the first post due to being anxious but today Iâ€™ve made it a week without self harming I just want someone to be proud of me,30,,FALSE,Serious,,27
791,qjtqi6,kekelz0r,turkish girl named sabass transferred into my school today.,8,,FALSE,Social,15,4
792,qjtq23,Shoddy-Wolf-4545,Freshman in college and I feel like a failure,8,,FALSE,Rant,,3
793,qjtpkm,DanishGopnik,Testosterone fucking sucks sometimes,20,,FALSE,Rant,,3
794,qjtpe5,Ultra_from_mars,"It is my first try on NNN , I am gonna try my best",11,,FALSE,Relationship,13,4
795,qjtp2h,TotallyAwesomeRacoon,"Bit random, but today I learned how to tie a tie",2,,FALSE,Discussion,14,6
796,qjtotd,sicparvismagna47,Spooky Scary Skeletons - Marvel Tribute (Happy Halloween!),0,,FALSE,Media,,1
797,qjtory,Official-idiot-05,Happy Halloween everyone,0,,FALSE,Meme,,1
798,qjtoew,Just__A__Retard,I found out John Xina real power,7,,FALSE,Other,15,3
799,qjto1m,leonstar007,"Being The Weeknd for Halloween, hope ya like the costume :D",20,,FALSE,Social,16,159
800,qjtnre,Djandrews10,I had to make a meme for my physics class,0,,FALSE,Meme,16,23
801,qjtnbi,NoNebula6,Anyone know of any artists who make songs like the Cyberpunk EP?,0,,FALSE,Other,15,1
802,qjtn1c,Frikandelneuker,Was told to wait to drink my ice teaâ€_,6,,FALSE,Discussion,16,5
803,qjtmyu,Sentient_door_knob,DM me random stuff,3,,FALSE,Other,15,3
804,qjtmyt,YeetVegetabales,My pumpkin design this year,2,,FALSE,Other,16,8
805,qjtmxv,GamerMan3245,Solid outfit for halloween,4,,FALSE,Art,,3
806,qjtmsy,Possible_Ad_4027,What is with November?,14,,FALSE,Other,,3
807,qjtmsh,Vegetable-Grand6930,"Itâ€™s almost time for halloween, donâ€™t come to my house or I will give you these.",6,,FALSE,Other,15,24
808,qjtmnr,TheVeterano_007,very interesting title :),4,,FALSE,Meme,16,1
809,qjtmhh,zackarylef,A collection of all the books I red so far in 2021,4,,FALSE,Discussion,17,5
810,qjtmhb,GeicoPR,"Went cycling today. Scared kids, made adults smile. It was a good day. Happy Halloween, my fellow teenagers!",0,,FALSE,Media,,4
811,qjtm5x,kallonismyname,the fact that we can't respect not getting consent means our species has failed,4,,FALSE,Social,15,2
812,qjtm17,FieldMarshalEpic,I spent over 20 hours working on my Halloween costume; this is the result.,30,,FALSE,Other,,205
813,qjtlv3,I_am_da_best_guy,it's really not that hard to talk to girls.,36,,FALSE,Rant,13,2
814,qjtlrf,4ElementsBentByMe,Give me a dare that isnâ€™t to serious and Iâ€™ll give proof (the top comment wins) and Iâ€™ll check in an hour,19,,FALSE,Meme,,1
815,qjtlpt,TheVeterano_007,The Ultimate Choice!,1,,FALSE,Meme,16,1
816,qjtlpe,GreninjaNoah,Good timing,0,,FALSE,Meme,15,10
817,qjtkqo,AshBurito,Friend - It's not scary . The video -,3,,FALSE,Meme,,2
818,qjtkls,Pres_Cowboy,my barfing pumpkin and my friends soyjak,3,,FALSE,Art,16,14
819,qjtkki,Captain_Controller,"Everyone has their costumes, this is mine.",5,,FALSE,Art,15,10
820,qjtkfr,HamSolo273,If you're gonna be weird in my dm's at least be a girl smh,7,,FALSE,Meme,19,3
821,qjtk9a,NicXes21,You may call me dr. orange thumb. Scary Halloween everyone. Hi.,2,,TRUE,Media,,4
822,qjtk6j,pumpkinmercury7,Happy Halloween! Does anyone know who I am?,17,,FALSE,Social,18,2
823,qjtjsn,DanishGopnik,I just realised i dont have to worry about NNN,5,,FALSE,Meme,,3
824,qjtjlg,Jusiun,The only picture of myself that I like.,20,,FALSE,Social,17,22
825,qjtjey,marshall-driver,Bought my first car a couple days ago!! Her name is Donatella,11,,FALSE,Discussion,18,6
826,qjtje4,MARKedReddit,My girlfriend is so damn amazing,2,,FALSE,Rant,13,2
827,qjtjbg,Just__A__Retard,This is where the fun begins,2,,FALSE,Meme,15,1
828,qjtj15,Yourbedsheets,Haverhill ma is the worst city,2,,FALSE,Discussion,2 MILLION ATTENDEE,1
829,qjtj0m,iStoleUrCake,Give me an MC structure or mob and Iâ€™ll make lore out of it,5,,FALSE,Discussion,15,1
830,qjtizl,NoRyder,love her so much,3,,FALSE,Meme,18,5
831,qjtiv9,Renegade888888,(posted in in r/memes 1st) I regret nothing,15,,FALSE,Meme,,12
832,qjtibm,Lutpoint,Is anyone here interested in computer science and linux?,23,,FALSE,Social,,2
833,qjti69,JJ246_gnc,My phone is being taken away cause i had it turned off,2,,FALSE,Serious,17,4
834,qjti56,Williams_comics,My Halloween costume!,0,,FALSE,Other,16,5
835,qjthyb,JonHenryOfZimbabwe,Jon Henry: Nut Chronicles,0,,TRUE,Art,14,3
836,qjthxb,Epicgamerman060707,My best attempt at a cool pumpkin. I think I did good,1,,FALSE,Art,,7
837,qjthhw,The-Ultimate-Loser,(trigger warning),4,,FALSE,Other,15,2
838,qjth7x,VictheQuest,I wish I lived in a country that celebrates halloween,6,,FALSE,Rant,18,2
839,qjtgy5,hasnain_b18,Spam my chat,7,,FALSE,Social,,2
840,qjtgxj,whenthewhenis,my new pfp online lol,0,,FALSE,Other,13,2
841,qjtgws,turnicksteve,I'm going to be rich tonight,3,,FALSE,Other,17,1
842,qjtgv9,givesareanicecream,My Helloween costume I hope you all like it,7,,FALSE,Social,,2
843,qjtgs4,the_grim_rypurr,I got Fartaglia,2,,FALSE,Social,17,0
844,qjtgqy,Royal_Bonus8765,Is it weird that I literally can't be alone?,11,,FALSE,Serious,18,2
845,qjtglv,Bish0889,I Just Want To Get Away From It All,5,,FALSE,Rant,,2
846,qjtgil,moshimoshi2345,I just lost nnn,7,,FALSE,Rant,,0
847,qjtge5,based_bella,"Omegle finally permabanned me for ""hate speech"" lmao",15,,FALSE,Other,15,0
848,qjtgcb,HamSolo273,Who wants to be the one to hold on to my balls for the next month,8,,FALSE,Meme,19,1
849,qjtgb8,Noobdibap,Thoughts on da makeup work,1,,FALSE,Discussion,,4
850,qjtg2k,TheMochaBoat,It's the spooky day,2,,FALSE,Meme,16,11
851,qjtg1s,NotFromYouTube,I enjoy being in near pitch black places alone like a psychopath,27,,FALSE,Discussion,17,3
852,qjtfw3,Frikandelneuker,"Feeling spooy, how about yâ€™all? Happy halloween!",3,,FALSE,Discussion,16,4
853,qjtfvk,patchysid,What should I carve into my pumpkin?,3,,FALSE,Advice,13,2
854,qjtf7b,justadumfinn,Teach me to cuss in your language,22,,FALSE,Social,,5
855,qjtf4u,Yourbedsheets,There was a shooting at my old house,4,,FALSE,Discussion,2 MILLION ATTENDEE,1
856,qjtf3l,astupidrussian,Why is this world so boring,18,,FALSE,Advice,17,1
857,qjtey5,tomimendoza,Itâ€™s that time of the year again.,2,,FALSE,Meme,18,0
858,qjtet2,AravRAndG,You get to choose a side effect and the person replying to you will give you a super power.,15,,FALSE,Meme,,2
859,qjtejf,OriginalGreyUser,just thinking about how when i was 14 some older kids told me to go to redtube if i wanted to download YouTube music for free and i went on it and freaked out and then my parents saw my search history and took my laptop away,15,,FALSE,Other,18,1
860,qjtegl,LossPsychological201,"Being off brand star lord for Halloween, happy halloween everybody",3,,FALSE,Social,,5
861,qjtedv,AjaIsHere,I donated wbu,5,,FALSE,Other,,5
862,qjte9j,totifle,[M17][EU-French] Hey guys! I just finished setting up my SMP ! If you want to play Minecraft with me and my friend you can shoot a PM. We both like to play video games and go skiing/snowboarding in winter :),1,,FALSE,Other,,5
863,qjte4z,Hellofreeze,I be lonely,21,,FALSE,Other,18,1
864,qjtdvi,BenGamez,Hello there are we still in the park near my park,0,,FALSE,Other,2 MILLION ATTENDEE,1
865,qjtd13,JamesHardenFuckMe,Your crush is going to a halloween party tonight and is gonna get absolutely fucking PIPED,7,,FALSE,Other,17,2
866,qjtcue,Noobdibap,These hickeys look like mosquito bites wtf is this _Ÿ˜_,10,,FALSE,Social,,6
867,qjtcsp,okyroki16,Do you go to parties? If so describe your typical parties and country.,1,,FALSE,Discussion,18,1
868,qjtcgs,skidadlestruudle,Start a sentence and let someone else finish it.,18,,FALSE,Social,,3
869,qjtb4h,Ok-Landscape-4430,This is business,15,,FALSE,Meme,16,100
870,qjtapn,HerobrineMaster,NNN is coming,5,,FALSE,Meme,14,2
871,qjta5w,Thatoneuselessperson,This is the scariest Halloween costume I could think ofâ€_,12,,FALSE,Meme,18,11
872,qjta1i,Floof_2,Simple but true,1,,FALSE,Meme,,16
873,qjt9x8,wadinzeeworld,which ashley tisdale role is more iconic,3,,FALSE,Discussion,16,1
874,qjt9qq,xodarap321_,"Im 14, send random shit in my dms, literally anything, I'm bored",11,,FALSE,Other,,2
875,qjt9nn,Iamnothuman77,"Guess the song first, get the award",11,,FALSE,Other,15,1
876,qjt964,cumbetweenmytoesmmmm,mood dog is mood,3,,FALSE,Art,,3
877,qjt928,Major_von_strohiem,"Its fucking Halloween so ya'll know what that means. All the daemons, mutants and heretics are revealing themselves. And its time for the Grey Knights to work. Disgusting daemon scum",5,,FALSE,Other,,6
878,qjt91e,nivesh_dewangan,Angry gf,2,,FALSE,Advice,,1
879,qjt8pa,4myL0l,A FUCKING 17YEAR OLD BOY WAS IN LOVE W/ME WHEN I WAS 13 TURNING 14?!???,28,,FALSE,Discussion,,0
880,qjt8d4,XETOVS,I acquired a real human foot,13,,FALSE,Discussion,19,4
881,qjt803,Techboy07,am i the only one that sucks at my first language,6,,FALSE,Other,13,3
882,qjt7zt,MeOwCaT___,Happy Halloween r/teenagers _Ÿ_ƒ,11,,FALSE,Media,15,19
883,qjt7xw,FluffieGirle,do you pick up worms after a rainy day or are you a cold hearted bitch?,4,,FALSE,Meme,17,0
884,qjt7kj,Xeras6101,2 hour bus ride,5,,FALSE,Discussion,17,2
885,qjt7dc,CreepyReputation608,What can I do in VR?,9,,FALSE,Discussion,,3
886,qjt73c,BurgerPB5,Her name is S'mores,15,,FALSE,Media,15,51
887,qjt6uf,GalacticMomo,Whatâ€™s ur opinion on ppl using the word gay to call things gay even if they arenâ€™t homophobic? Should they be cancelled?,25,,FALSE,Other,19,2
888,qjt6so,astupidrussian,I walk alone at night in dangerous places so someone tries to kindnap me and then I can kill them in self defense,8,,FALSE,Other,17,3
889,qjt6rl,bali_flipper69,NWH's rendition of Norman is looking pretty good _Ÿ˜™,0,,FALSE,Discussion,15,4
890,qjt6i1,CUB3-FACT0RY,Hand me your hugs,13,,FALSE,Social,14,9
891,qjt69k,I_am_da_best_guy,is it a sign? (for girls),13,,FALSE,Discussion,13,3
892,qjt5rb,Ursine5,Completely alone on holloween! Yaaaaayyyyyy!!!!!,2,,FALSE,Other,16,2
893,qjt5m4,Thy_leader,My favorite word is funky,6,,FALSE,Social,15,1
894,qjt4dm,AnimalCrossingNH13,Happy Halloween! :),5,,FALSE,Other,14,3
895,qjt3lh,williambash,Does anyone else feel scammed by a subject?,0,,FALSE,Rant,17,0
896,qjt2kl,DaniMA121,"You know, Iâ€™ve never been at a party that someone has invited me",12,,FALSE,Social,15,1
897,qjt2j0,basslanguage,"Based on my post history, what name would you give me?",7,,FALSE,Discussion,16,1
898,qjt1ud,Major_von_strohiem,"You know what, fuck loneliness. Im going to do something fun",27,,FALSE,Other,,7
899,qjt1pm,NordicDoork,me scrolling through this subreddit,8,,FALSE,Meme,13,130
900,qjt1p0,LostWebbz,Sometimes I forget how reposty this sub is,3,,FALSE,Other,,3
901,qjt1ik,fragglarna1337,What do you say to a girl who insists she's not hot?,9,,FALSE,Discussion,18,5
902,qjt1f3,FluffieGirle,"me and my friend finna do some bloody makeup, i forgot how expensive makeup is _Ÿ˜_",5,,FALSE,Media,17,12
903,qjt19b,reditnooby,Sexual tension,18,,FALSE,Serious,,46
904,qjt0o1,OmarAbdurabbih,I fucking love rain,1,,FALSE,Social,,3
905,qjt0lc,HamSolo273,I can't come up with a creative post :(,25,,FALSE,Social,19,1
906,qjt0ax,NeededPrivacy,Hey there.,4,,FALSE,Art,14,2
907,qjt096,Heisenberg_USA,What Woke Men Are Like,1,,FALSE,Meme,,0
908,qjszyw,Greatkitchener,I saw the rock-cut tombs of Dalyan in Turkey,6,,FALSE,Media,,17
909,qjsznv,mojodobo,"Seriously, this is the only age for fun. Just kidding you can have that whenever you desire",1,,FALSE,Meme,,1
910,qjszdg,Luka_444,"Let's say, hypothetically, that I drew this, would y'all know who that is?",7,,FALSE,Discussion,16,4
911,qjszbd,toaster_cancer,Happy Halloween!,2,,FALSE,Other,17,1
912,qjsytb,FormableComet87,What the fuck,23,,FALSE,Serious,,6
913,qjsyqc,cumbetweenmytoesmmmm,fuck just realized today is last day i can nut,5,,FALSE,Media,,3
914,qjsyn0,Glitech,I am such an asshole.,8,,FALSE,Serious,,3
915,qjsyg9,Charsovia,"Hey R/Teenagers! It ended up with 2 votes for Tepig and one vote for Oshawott so Tepig wins, but now we need to name our first homie witch is Lilipup! The best name will get picked!",6,,FALSE,Discussion,,7
916,qjsyb4,Hunteraitor,Convince me there's more than 2 genders,21,,FALSE,Discussion,14,0
917,qjsxxj,cumbetweenmytoesmmmm,ddddanganronpa dun dun dun dunn dun dun,1,,FALSE,Art,,2
918,qjsxx1,EvIL54,Any of you anti-fuckers need a killer nurse,23,,FALSE,Other,18,6
919,qjsxoo,ttttnnnnwwww,She's hot isn't she,3,,FALSE,Meme,,4
920,qjsxj7,notbotforsure,on which side you are?,11,,TRUE,Meme,17,8
921,qjsx07,DaniMA121,Guysâ€_â€_ ima say itâ€_.. Iâ€™m sorry,7,,FALSE,Discussion,15,2
922,qjswr6,reditnooby,My friendâ€™s living the dream rn,23,,FALSE,Social,,32
923,qjswop,jjooee99,Iâ€™m so Brocken rn_Ÿ˜°,13,,FALSE,Social,14,3
924,qjswcf,Hunteraitor,The Peta employees are here for my dogs and cat. Load up your 1911,4,,FALSE,Meme,14,7
925,qjsvzy,chronicallydead,"My Halloween costume, with a cute dog",0,,FALSE,Other,16,9
926,qjsv97,Frikandelneuker,Happy halloween! Cheers to the last day of spooktober!,3,,FALSE,Discussion,16,3
927,qjsuwx,jamlennon,life hack: improve ur confidence by getting so little sleep and drinking so much coffee that nothing feels real,3,,FALSE,Other,18,3
928,qjsubz,masterboom0004,SPREAD THE WORD WE SHALL FIX TOMORROW,4,,FALSE,Social,,6
929,qjsua8,TheOkayUsername,"My costume didnâ€™t t arrive on time so I had to improvise, how did I do",17,,FALSE,Discussion,14,20
930,qjstu0,Gonetothegraves,I've become a ghost.,14,,FALSE,Serious,14,1
931,qjstn0,brouuuuuu,Ah shit here we go again,7,,FALSE,Meme,16,19
932,qjstf5,BlueCookies1,I present to you......Skelton hand!!,13,,FALSE,Art,15,3
933,qjst1z,HellishHotel,White Torture is worse then the death penaltyâ€_ prove me wrong.,11,,FALSE,Serious,,4
934,qjssvi,Icy-Golf-4185,I got a 12!,12,,FALSE,Other,15,9
935,qjssae,insertbword-,"anime fans will defend some WILD ass shit , just bc they like animeâ€_.",11,,FALSE,Rant,2 MILLION ATTENDEE,2
936,qjsrms,cumbetweenmytoesmmmm,i swear my life is the truman show,4,,FALSE,Media,,1
937,qjsrl2,alice_skullsplitter,i have to go train the dog with the electric fence :(,12,,FALSE,Other,15,0
938,qjsr93,-Outernot-,I might regret but oh well,19,,FALSE,Social,,6
939,qjsqxy,NeverrForgett,Me and my bestieâ€™s Halloween costumes. A farmer and her cow,26,,FALSE,Media,14,11
940,qjsqpz,bobtheconqueror42,apparently it's still getting up into the 80s in Texas. in almost November,4,,FALSE,Discussion,17,4
941,qjsqnw,bigboibogai,"wait so do i fail NNN if i nut now, its 11 minutes past 12",7,,FALSE,Discussion,14,2
942,qjsqf0,funny_orangutang,Eating my last wallnuts before no nut november,2,,FALSE,Other,13,16
943,qjsq6o,brouuuuuu,I did it wtf_Ÿ˜_,1,,FALSE,Meme,16,8
944,qjsq1m,Major_von_strohiem,"Halloween has been ruined for me, thats it",4,,FALSE,Rant,,3
945,qjsprc,TheBois24,Covid is ripping all my teenage years away from me,10,,FALSE,Rant,,6
946,qjspjb,Villi35,I realized something today,1,,FALSE,Other,16,5
947,qjspcz,Competitive_Bid7071,Definitely Not A Video Highlighting The Collapse Of Societyâ€_.,3,,FALSE,Other,18,2
948,qjsp5h,CreepyReputation608,Skinny guys with abs are hot asf,26,,FALSE,Other,,4
949,qjsovt,Combomancer,women are so weird,13,,FALSE,Other,14,5
950,qjsnsr,ThatTourettesGuy1,Clothing question,6,,FALSE,Advice,13,3
951,qjsmjl,azmetrex,Any chalk art requests for Halloween?,29,,FALSE,Other,17,16
952,qjsmgr,ThatTourettesGuy1,Gotta love Reddit,3,,FALSE,Meme,13,2
953,qjsltw,snarkpark,yall doing the snail thing wrong and here is how to do it right:,6,,FALSE,Art,,3
954,qjslqk,Yaojin312020,Who will be victorious,11,,TRUE,Discussion,15,2
955,qjslj9,Major_von_strohiem,"My amazing Halloween costume. Im going as ""a Halloween where I don't spend it alone"" fuck yeah",4,,FALSE,Other,,4
956,qjslcv,Finr3kt,Some more pixel arts I've made,5,,FALSE,Art,16,23
957,qjsl9h,kororos69,I'm so fucking suicidal and I hate it,11,,FALSE,Other,17,4
958,qjsjdr,Combomancer,Me when I see a Chinese kid who doesn't work for shoe companies yet,19,,FALSE,Other,14,11
959,qjsj5q,untidy_brick001,And so a shit meme was born,3,,FALSE,Meme,16,17
960,qjsiva,Winnie639,Youâ€™re not single because youâ€™re ugly,46,,FALSE,Advice,16,89
961,qjshzx,NicXes21,You may call me Nickblo Escobar or Nick Capone. And to think it's my birthday in 5 days. Ok.,5,,TRUE,Social,,4
962,qjshzs,Pale_Major_2181,Mannnnn_Ÿ˜_ I still get no woman. But my moves are so good_Ÿ˜_,2,,FALSE,Relationship,15,22
963,qjshdj,kororos69,My post history is getting sadder and sadder,1,,FALSE,Other,17,3
964,qjsh44,uwurem,Guess who just got their first car!,43,,FALSE,Other,,130
965,qjsh2i,alisisok2,I need HELP,7,,FALSE,Advice,,3
966,qjsgrn,DrawerRedditor,It's my B-Day!!! :),6,,FALSE,Art,,9
967,qjsgri,GoodGuyBuddyBoy,"Prepare well for the battle, Comrades.",3,,FALSE,Meme,,44
968,qjsgqu,Greatkitchener,Why do pictures taken on One-note save on your camera role?,1,,FALSE,Rant,,3
969,qjsgol,MAUI____,Spooky dookie,1,,FALSE,Meme,,27
970,qjsgkg,TomsGaming88,"I (15m) my friend (14f) are super close and she said weâ€™d be a good couple, however the other day after she told me that she said she forgot, Iâ€™m confused as hell as Iâ€™m really into her and panicking",11,,FALSE,Relationship,15,5
971,qjsg9u,adsolute_dipshit_69,For every comment I will do one sit up :),10,,FALSE,Other,,1
972,qjsg85,sub2codyko,ayo iâ€™m embarrassed to work out,6,,FALSE,Advice,,1
973,qjsg3v,AjaIsHere,Bitch im not even a boy,23,,FALSE,Serious,,5
974,qjsg3b,Real-Cake6182,Today my dad thought lactose intolerance was people faking it,2,,FALSE,Rant,13,1
975,qjsfrx,JamesHardenFuckMe,She getting her back blown out by a mf in a scream mask move on bro,3,,FALSE,Advice,17,1
976,qjsflc,K1CH3N_C4K3,"Fellow teens, gather round. Let's tell stories of our past and such in the comments. Hopefully it'll be fun, ill go first.",30,,FALSE,Social,17,6
977,qjsfer,lolzmyguy,"Ok Guys, this is very important. Do not ignore this post. It is life changing infoâ€_",7,,FALSE,Serious,14,5
978,qjsfas,DiegoGames9872,Cant wait for the results,21,,FALSE,Meme,13,5
979,qjsecm,LostDoors,Happy Helloween from Europe,3,,FALSE,Art,,3
980,qjse1h,janathewhore,"I wanna go back to cest, cet sucks _Ÿ˜_",7,,FALSE,Rant,15,3
981,qjsdkc,Pauroquee,Yoo guys I got to meet your mothers today!,3,,FALSE,Meme,16,6
982,qjsdjz,Rawk505,It's kinda funny though,5,,FALSE,Meme,18,22
983,qjsdev,broji04,1001 comments and I'll confess to me crush but I'll be honest I'm kind of a wimp and odds are good I'll wuss out of confessing to her regardless of this comment score. So this entire post is kinda a useless way of me screaming out to the world that I can't do something I really should do.,3,,FALSE,Advice,17,2
984,qjscn8,bigbootynikee,anyone wanna snap :3,8,,FALSE,Social,,1
985,qjscfg,dauntlessdefiance,I want a skinny emo boyfriend,21,,FALSE,Other,16,1
986,qjscc6,Nintendocat64,"Swedish fish has given us power, make cursed mad libs",0,,FALSE,Meme,13,1
987,qjs9x0,BottleSome2751,Fucking kill me,4,,FALSE,Meme,16,23